timestamp,scenario,mode,repetition,seed,avg_wait_time,flow_rate,co2_emissions,emergency_response_time,total_collisions,collision_avoided,vehicles_completed
2026-03-14T16:49:05.187Z,normal,traditional,1,20260398,49.5,4,112.16,17.6,23,0,12
2026-03-14T16:49:05.210Z,normal,ai_full,1,20260398,37.9,7.3,142,3.2,21,0,22
2026-03-14T16:49:05.222Z,normal,ai_no_adaptive,1,20260398,45.8,5.7,146.29,3.2,21,0,17
2026-03-14T16:49:05.231Z,normal,ai_no_preemption,1,20260398,37.9,7.3,142,3.2,21,0,22
2026-03-14T16:49:05.237Z,normal,ai_no_rules,1,20260398,37.9,7.3,142,3.2,21,0,22
2026-03-14T16:49:05.246Z,normal,traditional,2,20260495,51.5,2.3,86.96,0,27,0,7
2026-03-14T16:49:05.255Z,normal,ai_full,2,20260495,34.7,4.3,99.7,3.4,26,0,13
2026-03-14T16:49:05.263Z,normal,ai_no_adaptive,2,20260495,27.3,2,64.87,4,28,0,6
2026-03-14T16:49:05.269Z,normal,ai_no_preemption,2,20260495,34.7,4.3,99.7,3.4,26,0,13
2026-03-14T16:49:05.275Z,normal,ai_no_rules,2,20260495,34.7,4.3,99.7,3.4,26,0,13
2026-03-14T16:49:05.281Z,normal,traditional,3,20260592,66.2,1.7,88.6,0,31,0,5
2026-03-14T16:49:05.286Z,normal,ai_full,3,20260592,38.9,4.3,114.77,2.4,26,0,13
2026-03-14T16:49:05.292Z,normal,ai_no_adaptive,3,20260592,47.1,3.7,106.76,2.4,26,0,11
2026-03-14T16:49:05.297Z,normal,ai_no_preemption,3,20260592,38.9,4.3,114.77,2.4,26,0,13
2026-03-14T16:49:05.303Z,normal,ai_no_rules,3,20260592,38.9,4.3,114.77,2.4,26,0,13
2026-03-14T16:49:05.309Z,normal,traditional,4,20260689,95.7,1.7,103.37,0,29,0,5
2026-03-14T16:49:05.315Z,normal,ai_full,4,20260689,27,6.7,120.09,3.1,23,0,20
2026-03-14T16:49:05.321Z,normal,ai_no_adaptive,4,20260689,39,3.3,92.81,3.1,27,0,10
2026-03-14T16:49:05.326Z,normal,ai_no_preemption,4,20260689,27,6.7,120.09,3.1,23,0,20
2026-03-14T16:49:05.332Z,normal,ai_no_rules,4,20260689,27,6.7,120.09,3.1,23,0,20
2026-03-14T16:49:05.337Z,normal,traditional,5,20260786,43.1,1.3,67.61,29,29,0,4
2026-03-14T16:49:05.343Z,normal,ai_full,5,20260786,30.5,7.3,123.9,3,21,0,22
2026-03-14T16:49:05.348Z,normal,ai_no_adaptive,5,20260786,19.9,2.7,65.69,3.1,28,0,8
2026-03-14T16:49:05.353Z,normal,ai_no_preemption,5,20260786,30.5,7.3,123.9,3,21,0,22
2026-03-14T16:49:05.359Z,normal,ai_no_rules,5,20260786,30.5,7.3,123.9,3,21,0,22
2026-03-14T16:49:05.364Z,normal,traditional,6,20260883,46,3.3,100.25,0,27,0,10
2026-03-14T16:49:05.368Z,normal,ai_full,6,20260883,26.9,6.3,106.85,2.7,24,0,19
2026-03-14T16:49:05.374Z,normal,ai_no_adaptive,6,20260883,32.7,6.7,119.57,2.5,21,0,20
2026-03-14T16:49:05.379Z,normal,ai_no_preemption,6,20260883,26.9,6.3,106.85,2.7,24,0,19
2026-03-14T16:49:05.385Z,normal,ai_no_rules,6,20260883,26.9,6.3,106.85,2.7,24,0,19
2026-03-14T16:49:05.391Z,normal,traditional,7,20260980,78.7,2,103.16,0,29,0,6
2026-03-14T16:49:05.396Z,normal,ai_full,7,20260980,36.4,3,85.81,2.4,28,0,9
2026-03-14T16:49:05.402Z,normal,ai_no_adaptive,7,20260980,39.8,3.3,94.85,2.4,28,0,10
2026-03-14T16:49:05.408Z,normal,ai_no_preemption,7,20260980,36.4,3,85.81,2.4,28,0,9
2026-03-14T16:49:05.413Z,normal,ai_no_rules,7,20260980,36.4,3,85.81,2.4,28,0,9
2026-03-14T16:49:05.418Z,normal,traditional,8,20261077,51.1,1,63.17,0,29,0,3
2026-03-14T16:49:05.424Z,normal,ai_full,8,20261077,31.7,6,115.78,2.8,25,0,18
2026-03-14T16:49:05.429Z,normal,ai_no_adaptive,8,20261077,36.2,4.3,98.63,2.2,24,0,13
2026-03-14T16:49:05.434Z,normal,ai_no_preemption,8,20261077,31.7,6,115.78,2.8,25,0,18
2026-03-14T16:49:05.440Z,normal,ai_no_rules,8,20261077,31.7,6,115.78,2.8,25,0,18
2026-03-14T16:49:05.448Z,normal,traditional,9,20261174,59.1,2,84.04,0,26,1,6
2026-03-14T16:49:05.456Z,normal,ai_full,9,20261174,34.6,6,130.34,2.8,23,0,18
2026-03-14T16:49:05.464Z,normal,ai_no_adaptive,9,20261174,44.8,3.3,96.46,3.8,25,0,10
2026-03-14T16:49:05.470Z,normal,ai_no_preemption,9,20261174,34.6,6,130.34,2.8,23,0,18
2026-03-14T16:49:05.475Z,normal,ai_no_rules,9,20261174,34.6,6,130.34,2.8,23,0,18
2026-03-14T16:49:05.481Z,normal,traditional,10,20261271,48.8,3,119.2,0,23,0,9
2026-03-14T16:49:05.487Z,normal,ai_full,10,20261271,36,6,161.99,2.8,22,0,18
2026-03-14T16:49:05.492Z,normal,ai_no_adaptive,10,20261271,47.4,2,96.29,0,27,0,6
2026-03-14T16:49:05.498Z,normal,ai_no_preemption,10,20261271,36,6,161.99,2.8,22,0,18
2026-03-14T16:49:05.504Z,normal,ai_no_rules,10,20261271,36,6,161.99,2.8,22,0,18
2026-03-14T16:49:05.509Z,normal,traditional,11,20261368,57.4,1.7,77.4,0,27,0,5
2026-03-14T16:49:05.514Z,normal,ai_full,11,20261368,32.7,4.7,103.58,2.4,28,0,14
2026-03-14T16:49:05.519Z,normal,ai_no_adaptive,11,20261368,44,4.3,163.3,2.4,25,0,13
2026-03-14T16:49:05.524Z,normal,ai_no_preemption,11,20261368,32.7,4.7,103.58,2.4,28,0,14
2026-03-14T16:49:05.528Z,normal,ai_no_rules,11,20261368,32.7,4.7,103.58,2.4,28,0,14
2026-03-14T16:49:05.533Z,normal,traditional,12,20261465,88.7,1.3,96.19,55.5,30,0,4
2026-03-14T16:49:05.538Z,normal,ai_full,12,20261465,36.3,6.3,130.3,3,25,0,19
2026-03-14T16:49:05.543Z,normal,ai_no_adaptive,12,20261465,45.3,3.7,103.75,3.1,25,0,11
2026-03-14T16:49:05.548Z,normal,ai_no_preemption,12,20261465,36.3,6.3,130.3,3,25,0,19
2026-03-14T16:49:05.553Z,normal,ai_no_rules,12,20261465,36.3,6.3,130.3,3,25,0,19
2026-03-14T16:49:05.558Z,normal,traditional,13,20261562,53.9,2.3,88.86,0,27,0,7
2026-03-14T16:49:05.563Z,normal,ai_full,13,20261562,31.4,6.3,118.37,2.6,25,0,19
2026-03-14T16:49:05.568Z,normal,ai_no_adaptive,13,20261562,39.6,4.3,105.53,2.6,25,0,13
2026-03-14T16:49:05.573Z,normal,ai_no_preemption,13,20261562,31.4,6.3,118.37,2.6,25,0,19
2026-03-14T16:49:05.578Z,normal,ai_no_rules,13,20261562,31.4,6.3,118.37,2.6,25,0,19
2026-03-14T16:49:05.584Z,normal,traditional,14,20261659,54.8,3,122.02,95.2,27,0,9
2026-03-14T16:49:05.590Z,normal,ai_full,14,20261659,30.2,6,112.43,2.8,23,0,18
2026-03-14T16:49:05.595Z,normal,ai_no_adaptive,14,20261659,24.6,3.7,85.46,2.8,28,0,11
2026-03-14T16:49:05.600Z,normal,ai_no_preemption,14,20261659,30.2,6,112.43,2.8,23,0,18
2026-03-14T16:49:05.605Z,normal,ai_no_rules,14,20261659,30.2,6,112.43,2.8,23,0,18
2026-03-14T16:49:05.611Z,normal,traditional,15,20261756,54.2,4.3,155.72,62,25,1,13
2026-03-14T16:49:05.615Z,normal,ai_full,15,20261756,23,6.7,100.46,2.5,24,0,20
2026-03-14T16:49:05.622Z,normal,ai_no_adaptive,15,20261756,51.2,5.3,141.65,2,24,0,16
2026-03-14T16:49:05.626Z,normal,ai_no_preemption,15,20261756,23,6.7,100.46,2.5,24,0,20
2026-03-14T16:49:05.631Z,normal,ai_no_rules,15,20261756,23,6.7,100.46,2.5,24,0,20
2026-03-14T16:49:05.643Z,rush_hour,traditional,1,20360398,41.1,2.7,254.84,0,134,2,8
2026-03-14T16:49:05.655Z,rush_hour,ai_full,1,20360398,21,9,274.55,2.8,128,0,27
2026-03-14T16:49:05.670Z,rush_hour,ai_no_adaptive,1,20360398,20.7,8.7,270.85,2.7,128,2,26
2026-03-14T16:49:05.684Z,rush_hour,ai_no_preemption,1,20360398,21,9,274.55,2.8,128,0,27
2026-03-14T16:49:05.696Z,rush_hour,ai_no_rules,1,20360398,21,9,274.55,2.8,128,0,27
2026-03-14T16:49:05.711Z,rush_hour,traditional,2,20360495,53.2,1.7,239.06,66.4,134,0,5
2026-03-14T16:49:05.726Z,rush_hour,ai_full,2,20360495,27.3,6.3,269.95,2.3,132,1,19
2026-03-14T16:49:05.739Z,rush_hour,ai_no_adaptive,2,20360495,14,4.7,229.88,2.9,132,0,14
2026-03-14T16:49:05.752Z,rush_hour,ai_no_preemption,2,20360495,27.3,6.3,269.95,2.3,132,1,19
2026-03-14T16:49:05.766Z,rush_hour,ai_no_rules,2,20360495,27.3,6.3,269.95,2.3,132,1,19
2026-03-14T16:49:05.777Z,rush_hour,traditional,3,20360592,49.6,2.3,247.13,0,135,0,7
2026-03-14T16:49:05.789Z,rush_hour,ai_full,3,20360592,19.9,7.7,275.9,3.3,131,0,23
2026-03-14T16:49:05.800Z,rush_hour,ai_no_adaptive,3,20360592,18.4,4.7,240.78,3.5,134,0,14
2026-03-14T16:49:05.812Z,rush_hour,ai_no_preemption,3,20360592,19.9,7.7,275.9,3.3,131,0,23
2026-03-14T16:49:05.822Z,rush_hour,ai_no_rules,3,20360592,19.9,7.7,275.9,3.3,131,0,23
2026-03-14T16:49:05.834Z,rush_hour,traditional,4,20360689,37.4,2,246.31,69.8,139,1,6
2026-03-14T16:49:05.845Z,rush_hour,ai_full,4,20360689,22.5,9,284.45,3.2,128,0,27
2026-03-14T16:49:05.858Z,rush_hour,ai_no_adaptive,4,20360689,20.1,3,235.17,3.2,139,0,9
2026-03-14T16:49:05.872Z,rush_hour,ai_no_preemption,4,20360689,22.5,9,284.45,3.2,128,0,27
2026-03-14T16:49:05.883Z,rush_hour,ai_no_rules,4,20360689,22.5,9,284.45,3.2,128,0,27
2026-03-14T16:49:05.893Z,rush_hour,traditional,5,20360786,38.8,2.3,242.51,74,135,1,7
2026-03-14T16:49:05.903Z,rush_hour,ai_full,5,20360786,18.9,8.3,274.9,3,130,1,25
2026-03-14T16:49:05.914Z,rush_hour,ai_no_adaptive,5,20360786,22.4,8.7,305.63,2.8,129,1,26
2026-03-14T16:49:05.925Z,rush_hour,ai_no_preemption,5,20360786,18.9,8.3,274.9,3,130,1,25
2026-03-14T16:49:05.935Z,rush_hour,ai_no_rules,5,20360786,18.9,8.3,274.9,3,130,1,25
2026-03-14T16:49:05.947Z,rush_hour,traditional,6,20360883,28.4,3.3,258.15,0,135,2,10
2026-03-14T16:49:05.957Z,rush_hour,ai_full,6,20360883,24.2,6.3,279.31,3,135,0,19
2026-03-14T16:49:05.967Z,rush_hour,ai_no_adaptive,6,20360883,16.8,6,247.64,3,134,0,18
2026-03-14T16:49:05.977Z,rush_hour,ai_no_preemption,6,20360883,24.2,6.3,279.31,3,135,0,19
2026-03-14T16:49:05.988Z,rush_hour,ai_no_rules,6,20360883,24.2,6.3,279.31,3,135,0,19
2026-03-14T16:49:05.999Z,rush_hour,traditional,7,20360980,43.5,2,240.83,70.2,135,0,6
2026-03-14T16:49:06.010Z,rush_hour,ai_full,7,20360980,16.6,8.7,271.69,2.9,129,1,26
2026-03-14T16:49:06.021Z,rush_hour,ai_no_adaptive,7,20360980,22.5,5.7,257.53,2.9,130,1,17
2026-03-14T16:49:06.032Z,rush_hour,ai_no_preemption,7,20360980,16.6,8.7,271.69,2.9,129,1,26
2026-03-14T16:49:06.044Z,rush_hour,ai_no_rules,7,20360980,16.6,8.7,271.69,2.9,129,1,26
2026-03-14T16:49:06.057Z,rush_hour,traditional,8,20361077,70,2.3,270.37,94.2,135,0,7
2026-03-14T16:49:06.069Z,rush_hour,ai_full,8,20361077,14.8,7,245,2.9,131,0,21
2026-03-14T16:49:06.082Z,rush_hour,ai_no_adaptive,8,20361077,31.5,5.3,265.21,2.9,131,0,16
2026-03-14T16:49:06.093Z,rush_hour,ai_no_preemption,8,20361077,14.8,7,245,2.9,131,0,21
2026-03-14T16:49:06.106Z,rush_hour,ai_no_rules,8,20361077,14.8,7,245,2.9,131,0,21
2026-03-14T16:49:06.117Z,rush_hour,traditional,9,20361174,50.1,2,244.33,0,137,0,6
2026-03-14T16:49:06.129Z,rush_hour,ai_full,9,20361174,16.4,7.7,259.91,3.2,131,1,23
2026-03-14T16:49:06.142Z,rush_hour,ai_no_adaptive,9,20361174,13.1,5,230.25,2.9,132,0,15
2026-03-14T16:49:06.152Z,rush_hour,ai_no_preemption,9,20361174,16.4,7.7,259.91,3.2,131,1,23
2026-03-14T16:49:06.164Z,rush_hour,ai_no_rules,9,20361174,16.4,7.7,259.91,3.2,131,1,23
2026-03-14T16:49:06.176Z,rush_hour,traditional,10,20361271,39.9,3.3,261.14,47.2,137,1,10
2026-03-14T16:49:06.188Z,rush_hour,ai_full,10,20361271,20.1,5,243.95,3,133,0,15
2026-03-14T16:49:06.200Z,rush_hour,ai_no_adaptive,10,20361271,22.8,4.3,246.01,2.9,136,0,13
2026-03-14T16:49:06.212Z,rush_hour,ai_no_preemption,10,20361271,20.1,5,243.95,3,133,0,15
2026-03-14T16:49:06.224Z,rush_hour,ai_no_rules,10,20361271,20.1,5,243.95,3,133,0,15
2026-03-14T16:49:06.238Z,rush_hour,traditional,11,20361368,43.5,2,240.96,0,138,1,6
2026-03-14T16:49:06.251Z,rush_hour,ai_full,11,20361368,23,8.3,277.93,2.9,131,0,25
2026-03-14T16:49:06.264Z,rush_hour,ai_no_adaptive,11,20361368,21.5,6,256.91,2.8,134,1,18
2026-03-14T16:49:06.277Z,rush_hour,ai_no_preemption,11,20361368,23,8.3,277.93,2.9,131,0,25
2026-03-14T16:49:06.290Z,rush_hour,ai_no_rules,11,20361368,23,8.3,277.93,2.9,131,0,25
2026-03-14T16:49:06.302Z,rush_hour,traditional,12,20361465,42.6,3.7,286.48,43.9,134,1,11
2026-03-14T16:49:06.315Z,rush_hour,ai_full,12,20361465,28.6,7,279.07,2.8,131,1,21
2026-03-14T16:49:06.328Z,rush_hour,ai_no_adaptive,12,20361465,30.1,6.3,276.62,3,132,0,19
2026-03-14T16:49:06.341Z,rush_hour,ai_no_preemption,12,20361465,28.6,7,279.07,2.8,131,1,21
2026-03-14T16:49:06.354Z,rush_hour,ai_no_rules,12,20361465,28.6,7,279.07,2.8,131,1,21
2026-03-14T16:49:06.365Z,rush_hour,traditional,13,20361562,47.3,1.7,236.05,0,137,0,5
2026-03-14T16:49:06.376Z,rush_hour,ai_full,13,20361562,16.6,10,281.32,3.1,127,0,30
2026-03-14T16:49:06.387Z,rush_hour,ai_no_adaptive,13,20361562,17.7,6.7,248.38,2.6,130,0,20
2026-03-14T16:49:06.398Z,rush_hour,ai_no_preemption,13,20361562,16.6,10,281.32,3.1,127,0,30
2026-03-14T16:49:06.409Z,rush_hour,ai_no_rules,13,20361562,16.6,10,281.32,3.1,127,0,30
2026-03-14T16:49:06.423Z,rush_hour,traditional,14,20361659,61.5,2.7,269.38,0,138,0,8
2026-03-14T16:49:06.436Z,rush_hour,ai_full,14,20361659,14.9,7.7,249.57,2.7,131,0,23
2026-03-14T16:49:06.449Z,rush_hour,ai_no_adaptive,14,20361659,16.4,5.7,245.92,2.4,133,0,17
2026-03-14T16:49:06.461Z,rush_hour,ai_no_preemption,14,20361659,14.9,7.7,249.57,2.7,131,0,23
2026-03-14T16:49:06.473Z,rush_hour,ai_no_rules,14,20361659,14.9,7.7,249.57,2.7,131,0,23
2026-03-14T16:49:06.485Z,rush_hour,traditional,15,20361756,35.1,3.7,252.47,0,134,0,11
2026-03-14T16:49:06.497Z,rush_hour,ai_full,15,20361756,22.2,6.3,267.73,3,134,1,19
2026-03-14T16:49:06.509Z,rush_hour,ai_no_adaptive,15,20361756,18.5,3.3,229.73,2.7,135,1,10
2026-03-14T16:49:06.521Z,rush_hour,ai_no_preemption,15,20361756,22.2,6.3,267.73,3,134,1,19
2026-03-14T16:49:06.532Z,rush_hour,ai_no_rules,15,20361756,22.2,6.3,267.73,3,134,1,19
2026-03-14T16:49:06.545Z,accident,traditional,1,20460398,65.5,2.3,114.7,17.4,37,0,7
2026-03-14T16:49:06.553Z,accident,ai_full,1,20460398,27.1,6.3,153.41,3.8,32,0,19
2026-03-14T16:49:06.560Z,accident,ai_no_adaptive,1,20460398,26.4,5.7,112.39,3.7,32,0,17
2026-03-14T16:49:06.566Z,accident,ai_no_preemption,1,20460398,27.1,6.3,153.41,3.8,32,0,19
2026-03-14T16:49:06.571Z,accident,ai_no_rules,1,20460398,27.1,6.3,153.41,3.8,32,0,19
2026-03-14T16:49:06.580Z,accident,traditional,2,20460495,71.2,1.7,99,0,36,0,5
2026-03-14T16:49:06.586Z,accident,ai_full,2,20460495,18.4,7.7,107.69,3.3,29,0,23
2026-03-14T16:49:06.593Z,accident,ai_no_adaptive,2,20460495,31.9,5,113.53,3.1,32,0,15
2026-03-14T16:49:06.600Z,accident,ai_no_preemption,2,20460495,18.4,7.7,107.69,3.3,29,0,23
2026-03-14T16:49:06.607Z,accident,ai_no_rules,2,20460495,18.4,7.7,107.69,3.3,29,0,23
2026-03-14T16:49:06.612Z,accident,traditional,3,20460592,36.3,0.7,63.73,0,36,0,2
2026-03-14T16:49:06.617Z,accident,ai_full,3,20460592,20.6,5.3,95.54,3.4,31,0,16
2026-03-14T16:49:06.622Z,accident,ai_no_adaptive,3,20460592,19.7,2.7,74.89,3.2,34,0,8
2026-03-14T16:49:06.627Z,accident,ai_no_preemption,3,20460592,20.6,5.3,95.54,3.4,31,0,16
2026-03-14T16:49:06.632Z,accident,ai_no_rules,3,20460592,20.6,5.3,95.54,3.4,31,0,16
2026-03-14T16:49:06.636Z,accident,traditional,4,20460689,33.8,2.3,85.49,0,36,0,7
2026-03-14T16:49:06.640Z,accident,ai_full,4,20460689,15.5,4,80.09,2,35,1,12
2026-03-14T16:49:06.645Z,accident,ai_no_adaptive,4,20460689,23.6,3.7,99.76,15.7,36,0,11
2026-03-14T16:49:06.649Z,accident,ai_no_preemption,4,20460689,15.5,4,80.09,2,35,1,12
2026-03-14T16:49:06.653Z,accident,ai_no_rules,4,20460689,15.5,4,80.09,2,35,1,12
2026-03-14T16:49:06.659Z,accident,traditional,5,20460786,38.7,0.7,67.13,0,38,0,2
2026-03-14T16:49:06.664Z,accident,ai_full,5,20460786,29.5,3.7,96.42,2,35,0,11
2026-03-14T16:49:06.670Z,accident,ai_no_adaptive,5,20460786,29.3,3.7,93.37,2,33,0,11
2026-03-14T16:49:06.676Z,accident,ai_no_preemption,5,20460786,29.5,3.7,96.42,2,35,0,11
2026-03-14T16:49:06.681Z,accident,ai_no_rules,5,20460786,29.5,3.7,96.42,2,35,0,11
2026-03-14T16:49:06.686Z,accident,traditional,6,20460883,69.5,1.3,84.78,0,33,0,4
2026-03-14T16:49:06.691Z,accident,ai_full,6,20460883,23.5,5.3,102.71,2.5,33,1,16
2026-03-14T16:49:06.695Z,accident,ai_no_adaptive,6,20460883,19.2,2,68.67,3.5,34,0,6
2026-03-14T16:49:06.700Z,accident,ai_no_preemption,6,20460883,23.5,5.3,102.71,2.5,33,1,16
2026-03-14T16:49:06.705Z,accident,ai_no_rules,6,20460883,23.5,5.3,102.71,2.5,33,1,16
2026-03-14T16:49:06.710Z,accident,traditional,7,20460980,78.4,1,85.46,0,37,1,3
2026-03-14T16:49:06.716Z,accident,ai_full,7,20460980,24,5.7,106.99,3.2,32,1,17
2026-03-14T16:49:06.720Z,accident,ai_no_adaptive,7,20460980,21.6,3.7,86.35,3.2,34,0,11
2026-03-14T16:49:06.725Z,accident,ai_no_preemption,7,20460980,24,5.7,106.99,3.2,32,1,17
2026-03-14T16:49:06.730Z,accident,ai_no_rules,7,20460980,24,5.7,106.99,3.2,32,1,17
2026-03-14T16:49:06.736Z,accident,traditional,8,20461077,55.6,1.7,90.51,39.4,35,0,5
2026-03-14T16:49:06.740Z,accident,ai_full,8,20461077,13.7,6,87.43,2.6,32,0,18
2026-03-14T16:49:06.745Z,accident,ai_no_adaptive,8,20461077,21.6,5.7,108.52,2.8,29,0,17
2026-03-14T16:49:06.750Z,accident,ai_no_preemption,8,20461077,13.7,6,87.43,2.6,32,0,18
2026-03-14T16:49:06.754Z,accident,ai_no_rules,8,20461077,13.7,6,87.43,2.6,32,0,18
2026-03-14T16:49:06.759Z,accident,traditional,9,20461174,63.9,2,111.73,85.9,35,0,6
2026-03-14T16:49:06.764Z,accident,ai_full,9,20461174,21.5,6.7,122.12,2.4,31,1,20
2026-03-14T16:49:06.769Z,accident,ai_no_adaptive,9,20461174,22.4,4.3,96.32,2.5,36,0,13
2026-03-14T16:49:06.774Z,accident,ai_no_preemption,9,20461174,21.5,6.7,122.12,2.4,31,1,20
2026-03-14T16:49:06.778Z,accident,ai_no_rules,9,20461174,21.5,6.7,122.12,2.4,31,1,20
2026-03-14T16:49:06.785Z,accident,traditional,10,20461271,64,1,78.18,0,36,1,3
2026-03-14T16:49:06.791Z,accident,ai_full,10,20461271,35.2,7,181.38,3,29,0,21
2026-03-14T16:49:06.797Z,accident,ai_no_adaptive,10,20461271,38.9,4.3,116.41,2.9,33,0,13
2026-03-14T16:49:06.803Z,accident,ai_no_preemption,10,20461271,35.2,7,181.38,3,29,0,21
2026-03-14T16:49:06.810Z,accident,ai_no_rules,10,20461271,35.2,7,181.38,3,29,0,21
2026-03-14T16:49:06.816Z,accident,traditional,11,20461368,75.6,1.3,97.31,112.4,35,0,4
2026-03-14T16:49:06.820Z,accident,ai_full,11,20461368,28.1,6,122.71,4.3,32,0,18
2026-03-14T16:49:06.826Z,accident,ai_no_adaptive,11,20461368,41.4,4.7,130.71,4.9,34,0,14
2026-03-14T16:49:06.831Z,accident,ai_no_preemption,11,20461368,28.1,6,122.71,4.3,32,0,18
2026-03-14T16:49:06.836Z,accident,ai_no_rules,11,20461368,28.1,6,122.71,4.3,32,0,18
2026-03-14T16:49:06.842Z,accident,traditional,12,20461465,31.7,1.3,72.39,22.8,36,0,4
2026-03-14T16:49:06.846Z,accident,ai_full,12,20461465,18.1,6,103.11,4,32,0,18
2026-03-14T16:49:06.851Z,accident,ai_no_adaptive,12,20461465,23.6,4.3,94.82,3.1,34,0,13
2026-03-14T16:49:06.856Z,accident,ai_no_preemption,12,20461465,18.1,6,103.11,4,32,0,18
2026-03-14T16:49:06.861Z,accident,ai_no_rules,12,20461465,18.1,6,103.11,4,32,0,18
2026-03-14T16:49:06.866Z,accident,traditional,13,20461562,40.7,2.3,108.04,3,34,0,7
2026-03-14T16:49:06.872Z,accident,ai_full,13,20461562,21.8,6.7,121.24,2.4,32,0,20
2026-03-14T16:49:06.877Z,accident,ai_no_adaptive,13,20461562,22.6,5.7,117.39,3.1,33,0,17
2026-03-14T16:49:06.882Z,accident,ai_no_preemption,13,20461562,21.8,6.7,121.24,2.4,32,0,20
2026-03-14T16:49:06.887Z,accident,ai_no_rules,13,20461562,21.8,6.7,121.24,2.4,32,0,20
2026-03-14T16:49:06.893Z,accident,traditional,14,20461659,56.9,3,131.77,0,34,0,9
2026-03-14T16:49:06.898Z,accident,ai_full,14,20461659,35.1,5,123.43,4,32,0,15
2026-03-14T16:49:06.904Z,accident,ai_no_adaptive,14,20461659,43,5.3,145.55,4,33,0,16
2026-03-14T16:49:06.910Z,accident,ai_no_preemption,14,20461659,35.1,5,123.43,4,32,0,15
2026-03-14T16:49:06.915Z,accident,ai_no_rules,14,20461659,35.1,5,123.43,4,32,0,15
2026-03-14T16:49:06.921Z,accident,traditional,15,20461756,31.7,1.3,71.26,0,36,0,4
2026-03-14T16:49:06.926Z,accident,ai_full,15,20461756,30.5,4.7,110.61,2.8,34,0,14
2026-03-14T16:49:06.931Z,accident,ai_no_adaptive,15,20461756,22.3,3.3,84.69,4.5,34,0,10
2026-03-14T16:49:06.936Z,accident,ai_no_preemption,15,20461756,30.5,4.7,110.61,2.8,34,0,14
2026-03-14T16:49:06.942Z,accident,ai_no_rules,15,20461756,30.5,4.7,110.61,2.8,34,0,14
2026-03-14T16:49:06.948Z,emergency,traditional,1,20560398,57,2,96.5,0,35,0,6
2026-03-14T16:49:06.954Z,emergency,ai_full,1,20560398,18.6,8.7,116.12,2.7,29,0,26
2026-03-14T16:49:06.960Z,emergency,ai_no_adaptive,1,20560398,20.3,9,123.58,2.7,28,0,27
2026-03-14T16:49:06.965Z,emergency,ai_no_preemption,1,20560398,18.6,8.7,116.12,2.7,29,0,26
2026-03-14T16:49:06.971Z,emergency,ai_no_rules,1,20560398,18.6,8.7,116.12,2.7,29,0,26
2026-03-14T16:49:06.975Z,emergency,traditional,2,20560495,46.3,2,96.54,76,34,0,6
2026-03-14T16:49:06.980Z,emergency,ai_full,2,20560495,20.7,8.7,133.45,3.3,27,0,26
2026-03-14T16:49:06.984Z,emergency,ai_no_adaptive,2,20560495,19.6,6.7,101.5,3,28,0,20
2026-03-14T16:49:06.989Z,emergency,ai_no_preemption,2,20560495,20.7,8.7,133.45,3.3,27,0,26
2026-03-14T16:49:06.993Z,emergency,ai_no_rules,2,20560495,20.7,8.7,133.45,3.3,27,0,26
2026-03-14T16:49:06.999Z,emergency,traditional,3,20560592,63.4,2.7,118.12,48.8,32,0,8
2026-03-14T16:49:07.005Z,emergency,ai_full,3,20560592,17.8,10.3,124.17,2.7,26,0,31
2026-03-14T16:49:07.010Z,emergency,ai_no_adaptive,3,20560592,18.4,7.7,117.44,2.8,30,0,23
2026-03-14T16:49:07.015Z,emergency,ai_no_preemption,3,20560592,17.8,10.3,124.17,2.7,26,0,31
2026-03-14T16:49:07.020Z,emergency,ai_no_rules,3,20560592,17.8,10.3,124.17,2.7,26,0,31
2026-03-14T16:49:07.027Z,emergency,traditional,4,20560689,76.7,2.7,131.17,62.2,31,0,8
2026-03-14T16:49:07.032Z,emergency,ai_full,4,20560689,17.1,9.7,117.29,3,27,0,29
2026-03-14T16:49:07.038Z,emergency,ai_no_adaptive,4,20560689,15.8,8.7,104.25,3.1,26,0,26
2026-03-14T16:49:07.043Z,emergency,ai_no_preemption,4,20560689,17.1,9.7,117.29,3,27,0,29
2026-03-14T16:49:07.048Z,emergency,ai_no_rules,4,20560689,17.1,9.7,117.29,3,27,0,29
2026-03-14T16:49:07.054Z,emergency,traditional,5,20560786,74.6,1.3,92.59,15.2,36,0,4
2026-03-14T16:49:07.059Z,emergency,ai_full,5,20560786,10.7,9.3,104.94,3.1,27,0,28
2026-03-14T16:49:07.064Z,emergency,ai_no_adaptive,5,20560786,14.2,9.3,106.12,3,27,0,28
2026-03-14T16:49:07.069Z,emergency,ai_no_preemption,5,20560786,10.7,9.3,104.94,3.1,27,0,28
2026-03-14T16:49:07.075Z,emergency,ai_no_rules,5,20560786,10.7,9.3,104.94,3.1,27,0,28
2026-03-14T16:49:07.083Z,emergency,traditional,6,20560883,81.1,2,122.65,75.9,35,1,6
2026-03-14T16:49:07.089Z,emergency,ai_full,6,20560883,10.4,10,94.73,2.9,26,0,30
2026-03-14T16:49:07.096Z,emergency,ai_no_adaptive,6,20560883,10.5,8.3,85.46,2.9,25,0,25
2026-03-14T16:49:07.101Z,emergency,ai_no_preemption,6,20560883,10.4,10,94.73,2.9,26,0,30
2026-03-14T16:49:07.108Z,emergency,ai_no_rules,6,20560883,10.4,10,94.73,2.9,26,0,30
2026-03-14T16:49:07.113Z,emergency,traditional,7,20560980,47.8,3.7,126.82,50.9,29,1,11
2026-03-14T16:49:07.118Z,emergency,ai_full,7,20560980,12.9,8,103.09,2.7,27,0,24
2026-03-14T16:49:07.124Z,emergency,ai_no_adaptive,7,20560980,11.6,8,88.57,3,27,0,24
2026-03-14T16:49:07.129Z,emergency,ai_no_preemption,7,20560980,12.9,8,103.09,2.7,27,0,24
2026-03-14T16:49:07.134Z,emergency,ai_no_rules,7,20560980,12.9,8,103.09,2.7,27,0,24
2026-03-14T16:49:07.141Z,emergency,traditional,8,20561077,71.6,3.3,178.68,41,34,1,10
2026-03-14T16:49:07.147Z,emergency,ai_full,8,20561077,23.3,10.3,174.57,3,27,0,31
2026-03-14T16:49:07.153Z,emergency,ai_no_adaptive,8,20561077,23.9,9,157.23,3.2,27,0,27
2026-03-14T16:49:07.159Z,emergency,ai_no_preemption,8,20561077,23.3,10.3,174.57,3,27,0,31
2026-03-14T16:49:07.165Z,emergency,ai_no_rules,8,20561077,23.3,10.3,174.57,3,27,0,31
2026-03-14T16:49:07.172Z,emergency,traditional,9,20561174,46.8,1.7,84.14,48.3,32,0,5
2026-03-14T16:49:07.177Z,emergency,ai_full,9,20561174,15.5,7.7,111.68,2.8,29,0,23
2026-03-14T16:49:07.183Z,emergency,ai_no_adaptive,9,20561174,17.2,5.7,90.65,2.9,30,0,17
2026-03-14T16:49:07.188Z,emergency,ai_no_preemption,9,20561174,15.5,7.7,111.68,2.8,29,0,23
2026-03-14T16:49:07.193Z,emergency,ai_no_rules,9,20561174,15.5,7.7,111.68,2.8,29,0,23
2026-03-14T16:49:07.199Z,emergency,traditional,10,20561271,60.9,3,136.73,65.4,34,0,9
2026-03-14T16:49:07.203Z,emergency,ai_full,10,20561271,14.4,10.7,150.37,2.8,26,0,32
2026-03-14T16:49:07.208Z,emergency,ai_no_adaptive,10,20561271,15.2,10,110.63,2.7,25,0,30
2026-03-14T16:49:07.213Z,emergency,ai_no_preemption,10,20561271,14.4,10.7,150.37,2.8,26,0,32
2026-03-14T16:49:07.218Z,emergency,ai_no_rules,10,20561271,14.4,10.7,150.37,2.8,26,0,32
2026-03-14T16:49:07.223Z,emergency,traditional,11,20561368,58.7,1.7,92.15,59.2,34,0,5
2026-03-14T16:49:07.228Z,emergency,ai_full,11,20561368,23.3,6.3,123.85,2.5,32,0,19
2026-03-14T16:49:07.234Z,emergency,ai_no_adaptive,11,20561368,25.7,4.3,113.51,2.7,31,0,13
2026-03-14T16:49:07.238Z,emergency,ai_no_preemption,11,20561368,23.3,6.3,123.85,2.5,32,0,19
2026-03-14T16:49:07.243Z,emergency,ai_no_rules,11,20561368,23.3,6.3,123.85,2.5,32,0,19
2026-03-14T16:49:07.248Z,emergency,traditional,12,20561465,46.6,3.3,121.56,35.7,35,0,10
2026-03-14T16:49:07.252Z,emergency,ai_full,12,20561465,18.5,11.3,140.92,2.9,23,0,34
2026-03-14T16:49:07.257Z,emergency,ai_no_adaptive,12,20561465,12.2,8.7,124.78,2.9,28,0,26
2026-03-14T16:49:07.261Z,emergency,ai_no_preemption,12,20561465,18.5,11.3,140.92,2.9,23,0,34
2026-03-14T16:49:07.266Z,emergency,ai_no_rules,12,20561465,18.5,11.3,140.92,2.9,23,0,34
2026-03-14T16:49:07.272Z,emergency,traditional,13,20561562,62.5,4.7,174.98,84.5,32,0,14
2026-03-14T16:49:07.277Z,emergency,ai_full,13,20561562,12.1,8,92.63,3,29,0,24
2026-03-14T16:49:07.282Z,emergency,ai_no_adaptive,13,20561562,19.7,6.7,103.99,3.1,30,0,20
2026-03-14T16:49:07.287Z,emergency,ai_no_preemption,13,20561562,12.1,8,92.63,3,29,0,24
2026-03-14T16:49:07.293Z,emergency,ai_no_rules,13,20561562,12.1,8,92.63,3,29,0,24
2026-03-14T16:49:07.299Z,emergency,traditional,14,20561659,51.7,2.7,112.8,41.4,30,0,8
2026-03-14T16:49:07.304Z,emergency,ai_full,14,20561659,20.9,11,145.6,3,24,0,33
2026-03-14T16:49:07.310Z,emergency,ai_no_adaptive,14,20561659,21.7,7.7,115.05,3.2,28,0,23
2026-03-14T16:49:07.315Z,emergency,ai_no_preemption,14,20561659,20.9,11,145.6,3,24,0,33
2026-03-14T16:49:07.320Z,emergency,ai_no_rules,14,20561659,20.9,11,145.6,3,24,0,33
2026-03-14T16:49:07.325Z,emergency,traditional,15,20561756,59.7,2.7,118.94,67.2,33,1,8
2026-03-14T16:49:07.330Z,emergency,ai_full,15,20561756,21.5,5,98.68,3.2,34,0,15
2026-03-14T16:49:07.335Z,emergency,ai_no_adaptive,15,20561756,29.4,5.3,132.23,3.1,33,0,16
2026-03-14T16:49:07.340Z,emergency,ai_no_preemption,15,20561756,21.5,5,98.68,3.2,34,0,15
2026-03-14T16:49:07.345Z,emergency,ai_no_rules,15,20561756,21.5,5,98.68,3.2,34,0,15