campaign_id,pair_id,repetition,timestamp,scenario,mode,seed,repetitions_duration_seconds,dt,speed,grid_size,avg_wait_time,flow_rate,co2_emissions,emergency_response_time,total_collisions,collision_avoided,light_avg_wait_time,heavy_avg_wait_time,light_completed,heavy_completed,vehicles_active,vehicles_completed,simulation_time
campaign_2026-03-14T00-25-45-828Z,normal_rep_1,1,2026-03-14T00:25:38.927Z,normal,traditional,20260398,300,0.2,1,6,91.9,2.4,248.79,0,50,0,86.5,152,11,1,14,12,300
campaign_2026-03-14T00-25-45-828Z,normal_rep_1,1,2026-03-14T00:25:38.965Z,normal,ai,20260398,300,0.2,1,6,37.8,5,204.62,3.2,43,0,38.4,62.2,23,1,14,25,300
campaign_2026-03-14T00-25-45-828Z,normal_rep_2,2,2026-03-14T00:25:38.994Z,normal,traditional,20260495,300,0.2,1,6,78.9,2.4,199.33,109.4,49,0,76.3,0,11,0,15,12,300
campaign_2026-03-14T00-25-45-828Z,normal_rep_2,2,2026-03-14T00:25:39.008Z,normal,ai,20260495,300,0.2,1,6,27,7,207.18,2.6,38,0,31,38.9,28,2,14,35,300
campaign_2026-03-14T00-25-45-828Z,normal_rep_3,3,2026-03-14T00:25:39.023Z,normal,traditional,20260592,300,0.2,1,6,56.6,3.2,197.83,68.7,49,0,55.2,0,14,0,11,16,300
campaign_2026-03-14T00-25-45-828Z,normal_rep_3,3,2026-03-14T00:25:39.036Z,normal,ai,20260592,300,0.2,1,6,32.1,5.8,208.8,2.4,44,0,39.1,35,22,2,9,29,300
campaign_2026-03-14T00-25-45-828Z,normal_rep_4,4,2026-03-14T00:25:39.055Z,normal,traditional,20260689,300,0.2,1,6,77.6,3,226.48,113.4,49,0,75.3,0,14,0,12,15,300
campaign_2026-03-14T00-25-45-828Z,normal_rep_4,4,2026-03-14T00:25:39.070Z,normal,ai,20260689,300,0.2,1,6,27.9,7,235.15,3.4,40,0,32.8,39.4,25,4,10,35,300
campaign_2026-03-14T00-25-45-828Z,normal_rep_5,5,2026-03-14T00:25:39.084Z,normal,traditional,20260786,300,0.2,1,6,63.3,2,166.91,0,53,0,67.4,26.6,9,1,9,10,300
campaign_2026-03-14T00-25-45-828Z,normal_rep_5,5,2026-03-14T00:25:39.096Z,normal,ai,20260786,300,0.2,1,6,39.3,5.2,210.3,2.4,45,1,42.9,34,23,1,9,26,300
campaign_2026-03-14T00-25-45-828Z,normal_rep_6,6,2026-03-14T00:25:39.120Z,normal,traditional,20260883,300,0.2,1,6,71.8,3.2,222.71,66.8,49,0,72.3,0,15,0,11,16,300
campaign_2026-03-14T00-25-45-828Z,normal_rep_6,6,2026-03-14T00:25:39.137Z,normal,ai,20260883,300,0.2,1,6,29.7,6.2,216.21,2.9,44,0,34.4,48.2,24,2,6,31,300
campaign_2026-03-14T00-25-45-828Z,normal_rep_7,7,2026-03-14T00:25:39.154Z,normal,traditional,20260980,300,0.2,1,6,82,3.4,263.69,84.9,45,0,84.7,42.8,14,1,18,17,300
campaign_2026-03-14T00-25-45-828Z,normal_rep_7,7,2026-03-14T00:25:39.172Z,normal,ai,20260980,300,0.2,1,6,34.4,6,218.9,2.4,44,0,40.7,27.8,24,2,7,30,300
campaign_2026-03-14T00-25-45-828Z,normal_rep_8,8,2026-03-14T00:25:39.188Z,normal,traditional,20261077,300,0.2,1,6,66.1,3.6,268.8,0,48,0,62.4,96.3,16,2,11,18,300
campaign_2026-03-14T00-25-45-828Z,normal_rep_8,8,2026-03-14T00:25:39.208Z,normal,ai,20261077,300,0.2,1,6,41.2,5.6,248.05,2.6,45,0,43.1,59.2,24,2,7,28,300
campaign_2026-03-14T00-25-45-828Z,normal_rep_9,9,2026-03-14T00:25:39.234Z,normal,traditional,20261174,300,0.2,1,6,74,3.8,253.25,79,47,1,73.9,0,18,0,12,19,300
campaign_2026-03-14T00-25-45-828Z,normal_rep_9,9,2026-03-14T00:25:39.260Z,normal,ai,20261174,300,0.2,1,6,35.9,5.6,230.49,2.2,41,1,37.5,47.6,23,3,15,28,300
campaign_2026-03-14T00-25-45-828Z,normal_rep_10,10,2026-03-14T00:25:39.281Z,normal,traditional,20261271,300,0.2,1,6,79.3,2.4,206.87,56.9,51,0,87.7,0,9,0,11,12,300
campaign_2026-03-14T00-25-45-828Z,normal_rep_10,10,2026-03-14T00:25:39.296Z,normal,ai,20261271,300,0.2,1,6,33.8,6.4,216.37,2.9,42,0,43.8,28.2,24,1,9,32,300
campaign_2026-03-14T00-25-45-828Z,normal_rep_11,11,2026-03-14T00:25:39.311Z,normal,traditional,20261368,300,0.2,1,6,78.9,2.4,202.49,114.6,51,0,75.9,0,11,0,11,12,300
campaign_2026-03-14T00-25-45-828Z,normal_rep_11,11,2026-03-14T00:25:39.323Z,normal,ai,20261368,300,0.2,1,6,39.3,6,219.89,0,43,0,39.3,0,30,0,9,30,300
campaign_2026-03-14T00-25-45-828Z,normal_rep_12,12,2026-03-14T00:25:39.339Z,normal,traditional,20261465,300,0.2,1,6,56.2,4.2,221.09,57.4,44,0,56.3,0,20,0,16,21,300
campaign_2026-03-14T00-25-45-828Z,normal_rep_12,12,2026-03-14T00:25:39.355Z,normal,ai,20261465,300,0.2,1,6,25.5,6.2,182.06,2.8,42,0,30.3,34.6,25,1,10,31,300
campaign_2026-03-14T00-25-45-828Z,normal_rep_13,13,2026-03-14T00:25:39.374Z,normal,traditional,20261562,300,0.2,1,6,58.7,1.8,147.85,92.6,50,1,54.8,0,8,0,16,9,300
campaign_2026-03-14T00-25-45-828Z,normal_rep_13,13,2026-03-14T00:25:39.389Z,normal,ai,20261562,300,0.2,1,6,39.1,5.2,199.6,3.2,44,0,40.7,0,25,0,11,26,300
campaign_2026-03-14T00-25-45-828Z,normal_rep_14,14,2026-03-14T00:25:39.407Z,normal,traditional,20261659,300,0.2,1,6,70.3,3.4,247.26,30.4,51,0,73,73,15,1,6,17,300
campaign_2026-03-14T00-25-45-828Z,normal_rep_14,14,2026-03-14T00:25:39.422Z,normal,ai,20261659,300,0.2,1,6,32.6,6,206.17,2.6,44,0,37.8,33,25,1,7,30,300
campaign_2026-03-14T00-25-45-828Z,normal_rep_15,15,2026-03-14T00:25:39.439Z,normal,traditional,20261756,300,0.2,1,6,59.6,2.6,175.18,0,51,0,59.6,0,13,0,10,13,300
campaign_2026-03-14T00-25-45-828Z,normal_rep_15,15,2026-03-14T00:25:39.454Z,normal,ai,20261756,300,0.2,1,6,30.1,6.4,194.62,3.2,42,0,33.2,0,29,0,9,32,300
campaign_2026-03-14T00-25-45-828Z,normal_rep_16,16,2026-03-14T00:25:39.466Z,normal,traditional,20261853,300,0.2,1,6,56.6,2.2,156.29,0,51,0,56.6,0,11,0,12,11,300
campaign_2026-03-14T00-25-45-828Z,normal_rep_16,16,2026-03-14T00:25:39.477Z,normal,ai,20261853,300,0.2,1,6,31.1,5.6,182.17,2.9,43,0,36.2,0,24,0,11,28,300
campaign_2026-03-14T00-25-45-828Z,normal_rep_17,17,2026-03-14T00:25:39.490Z,normal,traditional,20261950,300,0.2,1,6,65.1,4,253.82,0,46,0,64.1,82.4,19,1,13,20,300
campaign_2026-03-14T00-25-45-828Z,normal_rep_17,17,2026-03-14T00:25:39.506Z,normal,ai,20261950,300,0.2,1,6,37.2,5.8,236.93,2.8,45,0,38.9,35.5,25,3,6,29,300
campaign_2026-03-14T00-25-45-828Z,normal_rep_18,18,2026-03-14T00:25:39.532Z,normal,traditional,20262047,300,0.2,1,6,60.5,4,228,63.4,44,0,60.5,0,18,0,17,20,300
campaign_2026-03-14T00-25-45-828Z,normal_rep_18,18,2026-03-14T00:25:39.554Z,normal,ai,20262047,300,0.2,1,6,38.9,6.4,240.09,3,42,0,42.6,50.4,28,1,9,32,300
campaign_2026-03-14T00-25-45-828Z,normal_rep_19,19,2026-03-14T00:25:39.584Z,normal,traditional,20262144,300,0.2,1,6,64.9,4.2,245.09,65.8,43,0,65.1,0,19,0,18,21,300
campaign_2026-03-14T00-25-45-828Z,normal_rep_19,19,2026-03-14T00:25:39.604Z,normal,ai,20262144,300,0.2,1,6,29.2,6.8,203.57,2.8,40,0,35.8,26.8,27,1,11,34,300
campaign_2026-03-14T00-25-45-828Z,normal_rep_20,20,2026-03-14T00:25:39.615Z,normal,traditional,20262241,300,0.2,1,6,52.2,3.2,197.41,46.7,48,0,55.6,36.4,12,1,13,16,300
campaign_2026-03-14T00-25-45-828Z,normal_rep_20,20,2026-03-14T00:25:39.627Z,normal,ai,20262241,300,0.2,1,6,28.2,6.2,183.62,3.3,41,0,41.6,0,21,0,12,31,300
campaign_2026-03-14T00-25-45-828Z,normal_rep_21,21,2026-03-14T00:25:39.643Z,normal,traditional,20262338,300,0.2,1,6,73.7,3.6,244.48,53.3,47,0,76.6,0,16,0,13,18,300
campaign_2026-03-14T00-25-45-828Z,normal_rep_21,21,2026-03-14T00:25:39.655Z,normal,ai,20262338,300,0.2,1,6,30,6.6,204.67,3.1,42,0,35.7,23.6,27,1,8,33,300
campaign_2026-03-14T00-25-45-828Z,normal_rep_22,22,2026-03-14T00:25:39.669Z,normal,traditional,20262435,300,0.2,1,6,62.9,2.6,178.93,0,50,0,62.9,0,13,0,12,13,300
campaign_2026-03-14T00-25-45-828Z,normal_rep_22,22,2026-03-14T00:25:39.685Z,normal,ai,20262435,300,0.2,1,6,35.9,6.2,211.06,0,42,0,35.9,0,31,0,10,31,300
campaign_2026-03-14T00-25-45-828Z,normal_rep_23,23,2026-03-14T00:25:39.710Z,normal,traditional,20262532,300,0.2,1,6,67.4,4.8,283.09,65.5,44,0,68.1,0,21,0,13,24,300
campaign_2026-03-14T00-25-45-828Z,normal_rep_23,23,2026-03-14T00:25:39.729Z,normal,ai,20262532,300,0.2,1,6,30.4,6.6,200.63,3.1,42,0,37.1,0,27,0,8,33,300
campaign_2026-03-14T00-25-45-828Z,normal_rep_24,24,2026-03-14T00:25:39.747Z,normal,traditional,20262629,300,0.2,1,6,66.3,2.8,198.97,65.2,49,0,66.9,0,12,0,13,14,300
campaign_2026-03-14T00-25-45-828Z,normal_rep_24,24,2026-03-14T00:25:39.763Z,normal,ai,20262629,300,0.2,1,6,32.1,7.2,218.69,2.6,42,0,38.5,0,30,0,5,36,300
campaign_2026-03-14T00-25-45-828Z,normal_rep_25,25,2026-03-14T00:25:39.781Z,normal,traditional,20262726,300,0.2,1,6,62.2,3,204.39,0,51,0,64.2,34.6,14,1,8,15,300
campaign_2026-03-14T00-25-45-828Z,normal_rep_25,25,2026-03-14T00:25:39.797Z,normal,ai,20262726,300,0.2,1,6,34.7,5.8,218.81,3.2,45,0,41.2,29.1,23,2,6,29,300
campaign_2026-03-14T00-25-45-828Z,normal_rep_26,26,2026-03-14T00:25:39.815Z,normal,traditional,20262823,300,0.2,1,6,57.5,3.2,206.29,0,47,0,60.7,35.5,14,2,15,16,300
campaign_2026-03-14T00-25-45-828Z,normal_rep_26,26,2026-03-14T00:25:39.831Z,normal,ai,20262823,300,0.2,1,6,34.2,6.8,216.43,2,41,0,35.3,0,33,0,9,34,300
campaign_2026-03-14T00-25-45-828Z,normal_rep_27,27,2026-03-14T00:25:39.852Z,normal,traditional,20262920,300,0.2,1,6,68.7,3.6,239.77,50.6,48,0,72.5,28.6,16,1,11,18,300
campaign_2026-03-14T00-25-45-828Z,normal_rep_27,27,2026-03-14T00:25:39.874Z,normal,ai,20262920,300,0.2,1,6,27.5,5.6,188.46,3.7,42,0,31.4,39,22,2,13,28,300
campaign_2026-03-14T00-25-45-828Z,normal_rep_28,28,2026-03-14T00:25:39.895Z,normal,traditional,20263017,300,0.2,1,6,72.7,3.8,243.53,0,46,0,72.7,0,19,0,14,19,300
campaign_2026-03-14T00-25-45-828Z,normal_rep_28,28,2026-03-14T00:25:39.910Z,normal,ai,20263017,300,0.2,1,6,34.8,5.8,208.69,3.2,43,0,35.9,39.8,27,1,10,29,300
campaign_2026-03-14T00-25-45-828Z,normal_rep_29,29,2026-03-14T00:25:39.926Z,normal,traditional,20263114,300,0.2,1,6,75,2.4,188.58,0,50,0,75,0,12,0,13,12,300
campaign_2026-03-14T00-25-45-828Z,normal_rep_29,29,2026-03-14T00:25:39.942Z,normal,ai,20263114,300,0.2,1,6,39.7,5.6,216.05,2.4,43,0,43.7,18.2,25,1,11,28,300
campaign_2026-03-14T00-25-45-828Z,normal_rep_30,30,2026-03-14T00:25:39.958Z,normal,traditional,20263211,300,0.2,1,6,58.2,3.2,193.91,0,49,1,62,1.8,15,1,11,16,300
campaign_2026-03-14T00-25-45-828Z,normal_rep_30,30,2026-03-14T00:25:39.972Z,normal,ai,20263211,300,0.2,1,6,31.5,6.2,201.72,0,44,0,32.1,14.2,30,1,6,31,300
campaign_2026-03-14T00-25-45-828Z,rush_hour_rep_1,1,2026-03-14T00:25:40.003Z,rush_hour,traditional,20360398,300,0.2,1,6,51.4,2.2,433.69,59.5,236,0,50.1,0,9,0,18,11,300
campaign_2026-03-14T00-25-45-828Z,rush_hour_rep_1,1,2026-03-14T00:25:40.033Z,rush_hour,ai,20360398,300,0.2,1,6,17.7,7.4,448.72,2.6,223,0,26.9,31.9,22,2,18,37,300
campaign_2026-03-14T00-25-45-828Z,rush_hour_rep_2,2,2026-03-14T00:25:40.067Z,rush_hour,traditional,20360495,300,0.2,1,6,49.7,2.2,430.22,40.2,235,1,54.2,0,8,0,19,11,300
campaign_2026-03-14T00-25-45-828Z,rush_hour_rep_2,2,2026-03-14T00:25:40.097Z,rush_hour,ai,20360495,300,0.2,1,6,17.7,9,467.36,2.8,221,1,26.1,33.5,28,2,13,45,300
campaign_2026-03-14T00-25-45-828Z,rush_hour_rep_3,3,2026-03-14T00:25:40.130Z,rush_hour,traditional,20360592,300,0.2,1,6,43.1,3.4,456.07,42.2,234,1,44.5,26.6,15,1,15,17,300
campaign_2026-03-14T00-25-45-828Z,rush_hour_rep_3,3,2026-03-14T00:25:40.202Z,rush_hour,ai,20360592,300,0.2,1,6,21.4,7,455.48,3,223,0,27.7,57.4,25,1,19,35,300
campaign_2026-03-14T00-25-45-828Z,rush_hour_rep_4,4,2026-03-14T00:25:40.279Z,rush_hour,traditional,20360689,300,0.2,1,6,52.6,2.8,451.44,0,238,0,52.6,0,14,0,11,14,300
campaign_2026-03-14T00-25-45-828Z,rush_hour_rep_4,4,2026-03-14T00:25:40.357Z,rush_hour,ai,20360689,300,0.2,1,6,22.1,8,462.4,2.8,224,0,29.5,0,30,0,13,40,300
campaign_2026-03-14T00-25-45-828Z,rush_hour_rep_5,5,2026-03-14T00:25:40.406Z,rush_hour,traditional,20360786,300,0.2,1,6,42.9,4,460.58,10.7,231,1,49,0,17,0,18,20,300
campaign_2026-03-14T00-25-45-828Z,rush_hour_rep_5,5,2026-03-14T00:25:40.465Z,rush_hour,ai,20360786,300,0.2,1,6,22.5,7.4,470.89,2.7,226,0,25.9,57.4,30,1,11,37,300
campaign_2026-03-14T00-25-45-828Z,rush_hour_rep_6,6,2026-03-14T00:25:40.540Z,rush_hour,traditional,20360883,300,0.2,1,6,47.5,3.8,472.04,76.8,234,2,46.1,0,18,0,14,19,300
campaign_2026-03-14T00-25-45-828Z,rush_hour_rep_6,6,2026-03-14T00:25:40.608Z,rush_hour,ai,20360883,300,0.2,1,6,27,6,466.57,2.6,227,2,34.3,56.2,22,1,16,30,300
campaign_2026-03-14T00-25-45-828Z,rush_hour_rep_7,7,2026-03-14T00:25:40.672Z,rush_hour,traditional,20360980,300,0.2,1,6,54,1.8,445.26,76.4,237,2,41.2,56.4,5,1,17,9,300
campaign_2026-03-14T00-25-45-828Z,rush_hour_rep_7,7,2026-03-14T00:25:40.713Z,rush_hour,ai,20360980,300,0.2,1,6,18.7,7.8,457.4,2.9,223,0,24.8,20.1,27,3,15,39,300
campaign_2026-03-14T00-25-45-828Z,rush_hour_rep_8,8,2026-03-14T00:25:40.755Z,rush_hour,traditional,20361077,300,0.2,1,6,51.6,2.4,434.95,49,235,0,52.2,0,11,0,18,12,300
campaign_2026-03-14T00-25-45-828Z,rush_hour_rep_8,8,2026-03-14T00:25:40.793Z,rush_hour,ai,20361077,300,0.2,1,6,20.3,6.8,436.12,3.3,224,3,30,0,23,0,18,34,300
campaign_2026-03-14T00-25-45-828Z,rush_hour_rep_9,9,2026-03-14T00:25:40.839Z,rush_hour,traditional,20361174,300,0.2,1,6,47.1,2.2,419.17,0,235,1,47.1,0,11,0,19,11,300
campaign_2026-03-14T00-25-45-828Z,rush_hour_rep_9,9,2026-03-14T00:25:40.873Z,rush_hour,ai,20361174,300,0.2,1,6,17.1,9.8,470.16,3,218,1,23.4,34,33,2,15,49,300
campaign_2026-03-14T00-25-45-828Z,rush_hour_rep_10,10,2026-03-14T00:25:40.921Z,rush_hour,traditional,20361271,300,0.2,1,6,42.2,2.8,429.55,0,235,1,42.2,0,14,0,18,14,300
campaign_2026-03-14T00-25-45-828Z,rush_hour_rep_10,10,2026-03-14T00:25:40.976Z,rush_hour,ai,20361271,300,0.2,1,6,20.1,9.2,482.91,3.3,221,2,27,29.9,32,2,12,46,300
campaign_2026-03-14T00-25-45-828Z,rush_hour_rep_11,11,2026-03-14T00:25:41.041Z,rush_hour,traditional,20361368,300,0.2,1,6,58,3.8,489.14,0,232,1,58,0,19,0,17,19,300
campaign_2026-03-14T00-25-45-828Z,rush_hour_rep_11,11,2026-03-14T00:25:41.088Z,rush_hour,ai,20361368,300,0.2,1,6,19.9,6.2,432.22,2.7,227,0,30.7,4.6,20,1,15,31,300
campaign_2026-03-14T00-25-45-828Z,rush_hour_rep_12,12,2026-03-14T00:25:41.126Z,rush_hour,traditional,20361465,300,0.2,1,6,62.8,2.4,457.82,68,236,3,62.3,0,10,0,17,12,300
campaign_2026-03-14T00-25-45-828Z,rush_hour_rep_12,12,2026-03-14T00:25:41.165Z,rush_hour,ai,20361465,300,0.2,1,6,12.2,9,430.05,2.7,217,1,20.5,19.4,24,3,21,45,300
campaign_2026-03-14T00-25-45-828Z,rush_hour_rep_13,13,2026-03-14T00:25:41.218Z,rush_hour,traditional,20361562,300,0.2,1,6,36.9,2.6,423.84,76.2,234,0,30.4,0,11,0,19,13,300
campaign_2026-03-14T00-25-45-828Z,rush_hour_rep_13,13,2026-03-14T00:25:41.284Z,rush_hour,ai,20361562,300,0.2,1,6,18.1,9.2,456.16,2.7,222,1,26.8,0,31,0,11,46,300
campaign_2026-03-14T00-25-45-828Z,rush_hour_rep_14,14,2026-03-14T00:25:41.356Z,rush_hour,traditional,20361659,300,0.2,1,6,63.9,3,493.63,56.2,235,0,64.7,65.2,13,1,15,15,300
campaign_2026-03-14T00-25-45-828Z,rush_hour_rep_14,14,2026-03-14T00:25:41.431Z,rush_hour,ai,20361659,300,0.2,1,6,17,8.6,443.6,2.6,223,0,26.1,0,28,0,11,43,300
campaign_2026-03-14T00-25-45-828Z,rush_hour_rep_15,15,2026-03-14T00:25:41.491Z,rush_hour,traditional,20361756,300,0.2,1,6,46.6,3.8,484.33,50.2,229,0,44.8,70.4,15,1,23,19,300
campaign_2026-03-14T00-25-45-828Z,rush_hour_rep_15,15,2026-03-14T00:25:41.551Z,rush_hour,ai,20361756,300,0.2,1,6,17.1,7.8,439.98,2.7,221,2,24.4,32.4,26,1,19,39,300
campaign_2026-03-14T00-25-45-828Z,rush_hour_rep_16,16,2026-03-14T00:25:41.620Z,rush_hour,traditional,20361853,300,0.2,1,6,40.4,1.2,391.09,11.2,239,0,46.8,0,5,0,16,6,300
campaign_2026-03-14T00-25-45-828Z,rush_hour_rep_16,16,2026-03-14T00:25:41.710Z,rush_hour,ai,20361853,300,0.2,1,6,20.1,7.6,441.17,3,220,1,25.5,0,30,0,22,38,300
campaign_2026-03-14T00-25-45-828Z,rush_hour_rep_17,17,2026-03-14T00:25:41.796Z,rush_hour,traditional,20361950,300,0.2,1,6,55.5,2.6,449.21,0,237,1,59.8,3.2,12,1,14,13,300
campaign_2026-03-14T00-25-45-828Z,rush_hour_rep_17,17,2026-03-14T00:25:41.890Z,rush_hour,ai,20361950,300,0.2,1,6,18.9,9.4,454.53,2.7,216,0,28.6,0,31,0,22,47,300
campaign_2026-03-14T00-25-45-828Z,rush_hour_rep_18,18,2026-03-14T00:25:41.983Z,rush_hour,traditional,20362047,300,0.2,1,6,46.5,2,413.99,21.1,234,1,53.7,0,8,0,22,10,300
campaign_2026-03-14T00-25-45-828Z,rush_hour_rep_18,18,2026-03-14T00:25:42.077Z,rush_hour,ai,20362047,300,0.2,1,6,12.5,5.6,404.74,2.6,231,0,27,0,13,0,11,28,300
campaign_2026-03-14T00-25-45-828Z,rush_hour_rep_19,19,2026-03-14T00:25:42.164Z,rush_hour,traditional,20362144,300,0.2,1,6,45.3,3,440.03,41.2,233,0,45.8,0,14,0,19,15,300
campaign_2026-03-14T00-25-45-828Z,rush_hour_rep_19,19,2026-03-14T00:25:42.222Z,rush_hour,ai,20362144,300,0.2,1,6,22.9,7.2,456.44,2.7,226,0,30.5,0,27,0,14,36,300
campaign_2026-03-14T00-25-45-828Z,rush_hour_rep_20,20,2026-03-14T00:25:42.317Z,rush_hour,traditional,20362241,300,0.2,1,6,49.1,3.4,468.47,77.4,234,1,45.6,0,15,0,16,17,300
campaign_2026-03-14T00-25-45-828Z,rush_hour_rep_20,20,2026-03-14T00:25:42.414Z,rush_hour,ai,20362241,300,0.2,1,6,23.7,7.6,479.04,2.8,226,0,28.1,56.4,30,1,13,38,300
campaign_2026-03-14T00-25-45-828Z,rush_hour_rep_21,21,2026-03-14T00:25:42.526Z,rush_hour,traditional,20362338,300,0.2,1,6,48.1,3,445.85,55.8,233,2,47.8,0,14,0,19,15,300
campaign_2026-03-14T00-25-45-828Z,rush_hour_rep_21,21,2026-03-14T00:25:42.604Z,rush_hour,ai,20362338,300,0.2,1,6,23.2,6.6,467.87,3.1,227,1,30.2,23.7,23,3,13,33,300
campaign_2026-03-14T00-25-45-828Z,rush_hour_rep_22,22,2026-03-14T00:25:42.707Z,rush_hour,traditional,20362435,300,0.2,1,6,49.5,2.8,438.88,0,233,0,49.5,0,14,0,20,14,300
campaign_2026-03-14T00-25-45-828Z,rush_hour_rep_22,22,2026-03-14T00:25:42.804Z,rush_hour,ai,20362435,300,0.2,1,6,17.5,7,425.56,2.9,223,1,24.5,0,25,0,19,35,300
campaign_2026-03-14T00-25-45-828Z,rush_hour_rep_23,23,2026-03-14T00:25:42.873Z,rush_hour,traditional,20362532,300,0.2,1,6,51.8,3.4,466.96,0,236,0,51.8,0,17,0,13,17,300
campaign_2026-03-14T00-25-45-828Z,rush_hour_rep_23,23,2026-03-14T00:25:42.934Z,rush_hour,ai,20362532,300,0.2,1,6,23.7,7.8,470.65,3.2,219,1,29.3,46.4,30,1,23,39,300
campaign_2026-03-14T00-25-45-828Z,rush_hour_rep_24,24,2026-03-14T00:25:42.995Z,rush_hour,traditional,20362629,300,0.2,1,6,26.2,1.6,388.33,16.2,239,0,28,0,7,0,14,8,300
campaign_2026-03-14T00-25-45-828Z,rush_hour_rep_24,24,2026-03-14T00:25:43.029Z,rush_hour,ai,20362629,300,0.2,1,6,23.6,7,471.77,2.3,225,0,29,23.6,26,3,16,35,300
campaign_2026-03-14T00-25-45-828Z,rush_hour_rep_25,25,2026-03-14T00:25:43.065Z,rush_hour,traditional,20362726,300,0.2,1,6,60,2.6,475.4,43.4,238,0,61,68.2,11,1,13,13,300
campaign_2026-03-14T00-25-45-828Z,rush_hour_rep_25,25,2026-03-14T00:25:43.097Z,rush_hour,ai,20362726,300,0.2,1,6,16.8,8.6,456.15,2.5,223,1,27,24.9,25,2,15,43,300
campaign_2026-03-14T00-25-45-828Z,rush_hour_rep_26,26,2026-03-14T00:25:43.128Z,rush_hour,traditional,20362823,300,0.2,1,6,69.9,2.2,479.54,58.4,236,1,70.7,89.8,8,1,18,11,300
campaign_2026-03-14T00-25-45-828Z,rush_hour_rep_26,26,2026-03-14T00:25:43.156Z,rush_hour,ai,20362823,300,0.2,1,6,14.5,6.6,416.17,2.9,228,1,20.9,0,23,0,13,33,300
campaign_2026-03-14T00-25-45-828Z,rush_hour_rep_27,27,2026-03-14T00:25:43.188Z,rush_hour,traditional,20362920,300,0.2,1,6,57.4,2.6,462.95,0,233,2,56,75,12,1,22,13,300
campaign_2026-03-14T00-25-45-828Z,rush_hour_rep_27,27,2026-03-14T00:25:43.218Z,rush_hour,ai,20362920,300,0.2,1,6,20.5,10.2,495.24,3.3,214,0,23.8,45.7,40,2,21,51,300
campaign_2026-03-14T00-25-45-828Z,rush_hour_rep_28,28,2026-03-14T00:25:43.251Z,rush_hour,traditional,20363017,300,0.2,1,6,49.6,3.2,455.66,40.8,234,1,50.4,0,15,0,16,16,300
campaign_2026-03-14T00-25-45-828Z,rush_hour_rep_28,28,2026-03-14T00:25:43.282Z,rush_hour,ai,20363017,300,0.2,1,6,19.7,6.8,457.58,2.8,228,0,24.9,36,24,2,11,34,300
campaign_2026-03-14T00-25-45-828Z,rush_hour_rep_29,29,2026-03-14T00:25:43.311Z,rush_hour,traditional,20363114,300,0.2,1,6,39.9,2,414.16,62.4,239,0,37.6,0,9,0,12,10,300
campaign_2026-03-14T00-25-45-828Z,rush_hour_rep_29,29,2026-03-14T00:25:43.341Z,rush_hour,ai,20363114,300,0.2,1,6,17.6,6,438.24,2.8,227,0,22.6,76.8,20,1,16,30,300
campaign_2026-03-14T00-25-45-828Z,rush_hour_rep_30,30,2026-03-14T00:25:43.397Z,rush_hour,traditional,20363211,300,0.2,1,6,66.8,3.2,488.2,0,235,1,66.8,0,16,0,14,16,300
campaign_2026-03-14T00-25-45-828Z,rush_hour_rep_30,30,2026-03-14T00:25:43.466Z,rush_hour,ai,20363211,300,0.2,1,6,25.9,8.6,492.2,2.6,222,0,29.5,20.4,37,1,13,43,300
campaign_2026-03-14T00-25-45-828Z,accident_rep_1,1,2026-03-14T00:25:43.505Z,accident,traditional,20460398,300,0.2,1,6,64.4,2.2,194.78,63.2,62,1,66,0,8,0,15,11,300
campaign_2026-03-14T00-25-45-828Z,accident_rep_1,1,2026-03-14T00:25:43.528Z,accident,ai,20460398,300,0.2,1,6,28.4,5.4,202.96,3.3,55,1,37.7,50.8,19,1,13,27,300
campaign_2026-03-14T00-25-45-828Z,accident_rep_2,2,2026-03-14T00:25:43.549Z,accident,traditional,20460495,300,0.2,1,6,70.1,2.2,195.88,25,63,0,81,0,9,0,13,11,300
campaign_2026-03-14T00-25-45-828Z,accident_rep_2,2,2026-03-14T00:25:43.565Z,accident,ai,20460495,300,0.2,1,6,26.5,5.6,189.63,2.6,57,1,37.2,0,20,0,8,28,300
campaign_2026-03-14T00-25-45-828Z,accident_rep_3,3,2026-03-14T00:25:43.580Z,accident,traditional,20460592,300,0.2,1,6,57.9,1.2,148.87,40,68,0,61.9,0,5,0,8,6,300
campaign_2026-03-14T00-25-45-828Z,accident_rep_3,3,2026-03-14T00:25:43.593Z,accident,ai,20460592,300,0.2,1,6,27.1,5.2,195.22,2.9,58,1,37.3,17,18,2,8,26,300
campaign_2026-03-14T00-25-45-828Z,accident_rep_4,4,2026-03-14T00:25:43.611Z,accident,traditional,20460689,300,0.2,1,6,70.1,1.8,197.52,0,66,0,69,78.4,8,1,9,9,300
campaign_2026-03-14T00-25-45-828Z,accident_rep_4,4,2026-03-14T00:25:43.625Z,accident,ai,20460689,300,0.2,1,6,26.2,4.6,171.4,3.1,58,2,35.4,0,17,0,11,23,300
campaign_2026-03-14T00-25-45-828Z,accident_rep_5,5,2026-03-14T00:25:43.642Z,accident,traditional,20460786,300,0.2,1,6,91.5,1.8,205.82,82,65,0,92.9,0,8,0,11,9,300
campaign_2026-03-14T00-25-45-828Z,accident_rep_5,5,2026-03-14T00:25:43.657Z,accident,ai,20460786,300,0.2,1,6,36,4.8,205.82,3,59,0,45.4,0,19,0,8,24,300
campaign_2026-03-14T00-25-45-828Z,accident_rep_6,6,2026-03-14T00:25:43.672Z,accident,traditional,20460883,300,0.2,1,6,69.8,1.6,176.47,68.6,65,0,71.3,0,6,0,12,8,300
campaign_2026-03-14T00-25-45-828Z,accident_rep_6,6,2026-03-14T00:25:43.686Z,accident,ai,20460883,300,0.2,1,6,28.2,4.6,179.48,3.5,59,0,36,0,18,0,10,23,300
campaign_2026-03-14T00-25-45-828Z,accident_rep_7,7,2026-03-14T00:25:43.704Z,accident,traditional,20460980,300,0.2,1,6,62.3,1.4,159.95,69,67,0,61.7,0,6,0,9,7,300
campaign_2026-03-14T00-25-45-828Z,accident_rep_7,7,2026-03-14T00:25:43.719Z,accident,ai,20460980,300,0.2,1,6,30.1,4.4,185.8,2.5,58,0,32.8,38,19,1,12,22,300
campaign_2026-03-14T00-25-45-828Z,accident_rep_8,8,2026-03-14T00:25:43.743Z,accident,traditional,20461077,300,0.2,1,6,72.4,1.4,166.04,80.2,65,0,71.4,0,6,0,14,7,300
campaign_2026-03-14T00-25-45-828Z,accident_rep_8,8,2026-03-14T00:25:43.764Z,accident,ai,20461077,300,0.2,1,6,20.2,5.6,180.56,2.3,56,1,29.8,29.1,17,2,10,28,300
campaign_2026-03-14T00-25-45-828Z,accident_rep_9,9,2026-03-14T00:25:43.788Z,accident,traditional,20461174,300,0.2,1,6,63.7,2.4,190.45,0,62,0,63.7,0,12,0,15,12,300
campaign_2026-03-14T00-25-45-828Z,accident_rep_9,9,2026-03-14T00:25:43.808Z,accident,ai,20461174,300,0.2,1,6,22.8,4.6,170.44,4,57,0,38.8,21,13,1,13,23,300
campaign_2026-03-14T00-25-45-828Z,accident_rep_10,10,2026-03-14T00:25:43.833Z,accident,traditional,20461271,300,0.2,1,6,60.9,2,197.02,0,65,0,65.1,44.2,8,2,11,10,300
campaign_2026-03-14T00-25-45-828Z,accident_rep_10,10,2026-03-14T00:25:43.852Z,accident,ai,20461271,300,0.2,1,6,17.8,6.2,169.78,4.1,56,1,30.6,0,18,0,7,31,300
campaign_2026-03-14T00-25-45-828Z,accident_rep_11,11,2026-03-14T00:25:43.879Z,accident,traditional,20461368,300,0.2,1,6,74.6,2,193.1,46,64,2,78,0,9,0,12,10,300
campaign_2026-03-14T00-25-45-828Z,accident_rep_11,11,2026-03-14T00:25:43.897Z,accident,ai,20461368,300,0.2,1,6,23,5,179.83,7.3,58,0,38.4,0,15,0,9,25,300
campaign_2026-03-14T00-25-45-828Z,accident_rep_12,12,2026-03-14T00:25:43.925Z,accident,traditional,20461465,300,0.2,1,6,80.5,2.4,237.62,101.2,62,0,79.7,70,10,1,14,12,300
campaign_2026-03-14T00-25-45-828Z,accident_rep_12,12,2026-03-14T00:25:43.959Z,accident,ai,20461465,300,0.2,1,6,14.4,4.2,139.86,3.8,59,1,27.5,0,11,0,11,21,300
campaign_2026-03-14T00-25-45-828Z,accident_rep_13,13,2026-03-14T00:25:43.983Z,accident,traditional,20461562,300,0.2,1,6,57,3,205.74,0,64,0,57,0,15,0,7,15,300
campaign_2026-03-14T00-25-45-828Z,accident_rep_13,13,2026-03-14T00:25:44.004Z,accident,ai,20461562,300,0.2,1,6,29.5,5.4,213.14,3,58,0,34.8,32.4,21,2,7,27,300
campaign_2026-03-14T00-25-45-828Z,accident_rep_14,14,2026-03-14T00:25:44.031Z,accident,traditional,20461659,300,0.2,1,6,54.6,3,197.69,0,62,0,54.6,0,15,0,11,15,300
campaign_2026-03-14T00-25-45-828Z,accident_rep_14,14,2026-03-14T00:25:44.055Z,accident,ai,20461659,300,0.2,1,6,28.2,7,220.36,2.6,52,0,31.9,29.2,30,1,11,35,300
campaign_2026-03-14T00-25-45-828Z,accident_rep_15,15,2026-03-14T00:25:44.077Z,accident,traditional,20461756,300,0.2,1,6,57.5,2.2,180.94,23.3,65,0,65.7,0,9,0,9,11,300
campaign_2026-03-14T00-25-45-828Z,accident_rep_15,15,2026-03-14T00:25:44.108Z,accident,ai,20461756,300,0.2,1,6,30.6,3.8,183.68,3.9,61,0,35.4,25.2,15,2,9,19,300
campaign_2026-03-14T00-25-45-828Z,accident_rep_16,16,2026-03-14T00:25:44.134Z,accident,traditional,20461853,300,0.2,1,6,77.9,1.4,167.63,0,66,0,77.9,0,7,0,11,7,300
campaign_2026-03-14T00-25-45-828Z,accident_rep_16,16,2026-03-14T00:25:44.151Z,accident,ai,20461853,300,0.2,1,6,27.6,5.8,195.12,3.6,54,0,34.4,10,23,1,13,29,300
campaign_2026-03-14T00-25-45-828Z,accident_rep_17,17,2026-03-14T00:25:44.178Z,accident,traditional,20461950,300,0.2,1,6,76.5,3.2,268.13,109,59,0,74.2,79,14,1,16,16,300
campaign_2026-03-14T00-25-45-828Z,accident_rep_17,17,2026-03-14T00:25:44.198Z,accident,ai,20461950,300,0.2,1,6,28.2,5.8,200,3.1,55,0,40.4,11.8,20,1,11,29,300
campaign_2026-03-14T00-25-45-828Z,accident_rep_18,18,2026-03-14T00:25:44.219Z,accident,traditional,20462047,300,0.2,1,6,52.4,3.2,205.58,39.7,62,0,54.5,0,14,0,10,16,300
campaign_2026-03-14T00-25-45-828Z,accident_rep_18,18,2026-03-14T00:25:44.235Z,accident,ai,20462047,300,0.2,1,6,24.1,5,184.1,8.9,59,2,33.5,0,18,0,7,25,300
campaign_2026-03-14T00-25-45-828Z,accident_rep_19,19,2026-03-14T00:25:44.255Z,accident,traditional,20462144,300,0.2,1,6,78.7,2,206.62,93.7,64,0,75.5,0,8,0,12,10,300
campaign_2026-03-14T00-25-45-828Z,accident_rep_19,19,2026-03-14T00:25:44.279Z,accident,ai,20462144,300,0.2,1,6,26.1,6,224.1,2.4,56,0,31.4,30.5,21,4,8,30,300
campaign_2026-03-14T00-25-45-828Z,accident_rep_20,20,2026-03-14T00:25:44.304Z,accident,traditional,20462241,300,0.2,1,6,84.8,2.2,233.56,174.8,65,0,81.2,30.6,9,1,9,11,300
campaign_2026-03-14T00-25-45-828Z,accident_rep_20,20,2026-03-14T00:25:44.326Z,accident,ai,20462241,300,0.2,1,6,28,4.8,187.66,3.4,58,0,40.5,24.8,16,1,10,24,300
campaign_2026-03-14T00-25-45-828Z,accident_rep_21,21,2026-03-14T00:25:44.349Z,accident,traditional,20462338,300,0.2,1,6,64.4,2.4,193.61,13.6,63,0,69.2,0,11,0,12,12,300
campaign_2026-03-14T00-25-45-828Z,accident_rep_21,21,2026-03-14T00:25:44.367Z,accident,ai,20462338,300,0.2,1,6,23.5,5.4,176.75,4.1,56,0,33.4,0,19,0,11,27,300
campaign_2026-03-14T00-25-45-828Z,accident_rep_22,22,2026-03-14T00:25:44.386Z,accident,traditional,20462435,300,0.2,1,6,73.8,2.4,231.76,0,62,1,70.1,114.6,11,1,14,12,300
campaign_2026-03-14T00-25-45-828Z,accident_rep_22,22,2026-03-14T00:25:44.404Z,accident,ai,20462435,300,0.2,1,6,26.6,5.4,192.95,4.1,57,0,39.2,14.2,18,1,9,27,300
campaign_2026-03-14T00-25-45-828Z,accident_rep_23,23,2026-03-14T00:25:44.419Z,accident,traditional,20462532,300,0.2,1,6,55.2,1.8,167.59,54.1,65,0,56.5,0,7,0,11,9,300
campaign_2026-03-14T00-25-45-828Z,accident_rep_23,23,2026-03-14T00:25:44.432Z,accident,ai,20462532,300,0.2,1,6,27.8,6,203.06,3.7,57,0,39.7,0,21,0,6,30,300
campaign_2026-03-14T00-25-45-828Z,accident_rep_24,24,2026-03-14T00:25:44.446Z,accident,traditional,20462629,300,0.2,1,6,71.7,2,204.91,60.9,64,1,85.6,0,5,0,12,10,300
campaign_2026-03-14T00-25-45-828Z,accident_rep_24,24,2026-03-14T00:25:44.459Z,accident,ai,20462629,300,0.2,1,6,30.9,5.8,220.57,8.6,57,0,47.1,0,19,0,7,29,300
campaign_2026-03-14T00-25-45-828Z,accident_rep_25,25,2026-03-14T00:25:44.473Z,accident,traditional,20462726,300,0.2,1,6,85,2,212.5,115.8,66,0,82,0,9,0,8,10,300
campaign_2026-03-14T00-25-45-828Z,accident_rep_25,25,2026-03-14T00:25:44.486Z,accident,ai,20462726,300,0.2,1,6,31.8,5.4,222.78,8.8,55,1,47.8,15.5,17,3,13,27,300
campaign_2026-03-14T00-25-45-828Z,accident_rep_26,26,2026-03-14T00:25:44.501Z,accident,traditional,20462823,300,0.2,1,6,62.7,2.2,185.34,17.8,64,0,67.5,0,10,0,13,11,300
campaign_2026-03-14T00-25-45-828Z,accident_rep_26,26,2026-03-14T00:25:44.514Z,accident,ai,20462823,300,0.2,1,6,22.1,6,178.32,2.7,55,0,34.8,0,19,0,10,30,300
campaign_2026-03-14T00-25-45-828Z,accident_rep_27,27,2026-03-14T00:25:44.528Z,accident,traditional,20462920,300,0.2,1,6,59.9,3.2,228.85,82.3,61,0,55.4,0,13,0,12,16,300
campaign_2026-03-14T00-25-45-828Z,accident_rep_27,27,2026-03-14T00:25:44.540Z,accident,ai,20462920,300,0.2,1,6,25.4,5.8,199.66,3.3,56,1,34.6,44.2,20,1,9,29,300
campaign_2026-03-14T00-25-45-828Z,accident_rep_28,28,2026-03-14T00:25:44.555Z,accident,traditional,20463017,300,0.2,1,6,69.4,1.8,178.09,0,66,0,69.4,0,9,0,9,9,300
campaign_2026-03-14T00-25-45-828Z,accident_rep_28,28,2026-03-14T00:25:44.566Z,accident,ai,20463017,300,0.2,1,6,26.6,4.6,172.39,3,56,1,33.4,10.8,18,1,15,23,300
campaign_2026-03-14T00-25-45-828Z,accident_rep_29,29,2026-03-14T00:25:44.580Z,accident,traditional,20463114,300,0.2,1,6,71.5,1.4,178.25,64.2,65,0,84.4,40,4,1,13,7,300
campaign_2026-03-14T00-25-45-828Z,accident_rep_29,29,2026-03-14T00:25:44.592Z,accident,ai,20463114,300,0.2,1,6,17.8,6.2,186.59,2.9,54,0,27.1,44.9,17,2,11,31,300
campaign_2026-03-14T00-25-45-828Z,accident_rep_30,30,2026-03-14T00:25:44.605Z,accident,traditional,20463211,300,0.2,1,6,64.1,2,175.88,25,61,0,74.4,0,8,0,18,10,300
campaign_2026-03-14T00-25-45-828Z,accident_rep_30,30,2026-03-14T00:25:44.618Z,accident,ai,20463211,300,0.2,1,6,25.1,5.4,185.49,3.1,55,0,35.8,32.4,18,1,13,27,300
campaign_2026-03-14T00-25-45-828Z,emergency_rep_1,1,2026-03-14T00:25:44.633Z,emergency,traditional,20560398,300,0.2,1,6,81,3.4,286.54,71.8,61,0,86,0,12,0,11,17,300
campaign_2026-03-14T00-25-45-828Z,emergency_rep_1,1,2026-03-14T00:25:44.646Z,emergency,ai,20560398,300,0.2,1,6,13.4,8.2,171.74,2.9,49,0,34.6,30.8,15,1,11,41,300
campaign_2026-03-14T00-25-45-828Z,emergency_rep_2,2,2026-03-14T00:25:44.662Z,emergency,traditional,20560495,300,0.2,1,6,72.9,3.2,263.49,67.8,60,0,85.5,4,9,1,15,16,300
campaign_2026-03-14T00-25-45-828Z,emergency_rep_2,2,2026-03-14T00:25:44.674Z,emergency,ai,20560495,300,0.2,1,6,12.9,8.8,188.58,2.6,50,1,32.8,38.6,15,2,6,44,300
campaign_2026-03-14T00-25-45-828Z,emergency_rep_3,3,2026-03-14T00:25:44.691Z,emergency,traditional,20560592,300,0.2,1,6,68.8,2.4,204.92,36.1,64,0,75.8,0,10,0,10,12,300
campaign_2026-03-14T00-25-45-828Z,emergency_rep_3,3,2026-03-14T00:25:44.703Z,emergency,ai,20560592,300,0.2,1,6,17.7,8,216.22,2.8,50,0,30.4,43.7,19,3,10,40,300
campaign_2026-03-14T00-25-45-828Z,emergency_rep_4,4,2026-03-14T00:25:44.720Z,emergency,traditional,20560689,300,0.2,1,6,68.2,3.2,251.63,40.6,60,0,68.9,88,14,1,14,16,300
campaign_2026-03-14T00-25-45-828Z,emergency_rep_4,4,2026-03-14T00:25:44.742Z,emergency,ai,20560689,300,0.2,1,6,17.1,9.6,195.92,2.8,47,0,30.5,0,27,0,8,48,300
campaign_2026-03-14T00-25-45-828Z,emergency_rep_5,5,2026-03-14T00:25:44.756Z,emergency,traditional,20560786,300,0.2,1,6,73.7,2,209.93,65.3,62,0,90.4,0,4,0,16,10,300
campaign_2026-03-14T00-25-45-828Z,emergency_rep_5,5,2026-03-14T00:25:44.767Z,emergency,ai,20560786,300,0.2,1,6,16.3,9,187.51,2.8,49,0,34.9,0,21,0,7,45,300
campaign_2026-03-14T00-25-45-828Z,emergency_rep_6,6,2026-03-14T00:25:44.780Z,emergency,traditional,20560883,300,0.2,1,6,62.3,1.6,178.08,48.6,63,0,69.8,56.6,5,1,16,8,300
campaign_2026-03-14T00-25-45-828Z,emergency_rep_6,6,2026-03-14T00:25:44.793Z,emergency,ai,20560883,300,0.2,1,6,19.5,9.2,233.41,2.9,46,0,33.6,62.6,23,2,12,46,300
campaign_2026-03-14T00-25-45-828Z,emergency_rep_7,7,2026-03-14T00:25:44.818Z,emergency,traditional,20560980,300,0.2,1,6,72.1,4,300.75,63.9,58,1,79.1,0,12,0,14,20,300
campaign_2026-03-14T00-25-45-828Z,emergency_rep_7,7,2026-03-14T00:25:44.850Z,emergency,ai,20560980,300,0.2,1,6,14.6,10.4,235.76,2.8,45,0,32,60.7,18,3,8,52,300
campaign_2026-03-14T00-25-45-828Z,emergency_rep_8,8,2026-03-14T00:25:44.880Z,emergency,traditional,20561077,300,0.2,1,6,72.4,3.2,263.88,103.6,62,2,63,0,12,0,10,16,300
campaign_2026-03-14T00-25-45-828Z,emergency_rep_8,8,2026-03-14T00:25:44.907Z,emergency,ai,20561077,300,0.2,1,6,23.8,7.6,220.21,3,51,1,42.6,27.1,20,2,10,38,300
campaign_2026-03-14T00-25-45-828Z,emergency_rep_9,9,2026-03-14T00:25:44.931Z,emergency,traditional,20561174,300,0.2,1,6,60.5,2.6,212.45,60.7,65,0,61.4,0,9,0,7,13,300
campaign_2026-03-14T00-25-45-828Z,emergency_rep_9,9,2026-03-14T00:25:44.949Z,emergency,ai,20561174,300,0.2,1,6,16.4,9.6,204.08,2.9,47,0,37.5,39.6,20,1,8,48,300
campaign_2026-03-14T00-25-45-828Z,emergency_rep_10,10,2026-03-14T00:25:44.972Z,emergency,traditional,20561271,300,0.2,1,6,76.6,1.8,196.34,126.4,63,0,63.2,0,7,0,15,9,300
campaign_2026-03-14T00-25-45-828Z,emergency_rep_10,10,2026-03-14T00:25:44.993Z,emergency,ai,20561271,300,0.2,1,6,16.4,7.4,172.16,2.8,52,0,35.7,0,17,0,9,37,300
campaign_2026-03-14T00-25-45-828Z,emergency_rep_11,11,2026-03-14T00:25:45.014Z,emergency,traditional,20561368,300,0.2,1,6,65.5,3.4,272.04,72,61,0,66.1,33.4,9,1,11,17,300
campaign_2026-03-14T00-25-45-828Z,emergency_rep_11,11,2026-03-14T00:25:45.037Z,emergency,ai,20561368,300,0.2,1,6,20.3,7.4,198.98,2.7,51,0,35.1,24.5,20,2,11,37,300
campaign_2026-03-14T00-25-45-828Z,emergency_rep_12,12,2026-03-14T00:25:45.063Z,emergency,traditional,20561465,300,0.2,1,6,62.5,3.8,275.38,93.4,60,0,49.7,0,13,0,12,19,300
campaign_2026-03-14T00-25-45-828Z,emergency_rep_12,12,2026-03-14T00:25:45.083Z,emergency,ai,20561465,300,0.2,1,6,21.4,9.8,239.03,3,49,0,37.1,47.2,27,1,3,49,300
campaign_2026-03-14T00-25-45-828Z,emergency_rep_13,13,2026-03-14T00:25:45.115Z,emergency,traditional,20561562,300,0.2,1,6,80.3,3,257.98,31.6,63,0,92.7,33.6,12,1,9,15,300
campaign_2026-03-14T00-25-45-828Z,emergency_rep_13,13,2026-03-14T00:25:45.152Z,emergency,ai,20561562,300,0.2,1,6,17.7,8.6,195.93,2.6,50,0,31.9,24.6,23,1,7,43,300
campaign_2026-03-14T00-25-45-828Z,emergency_rep_14,14,2026-03-14T00:25:45.187Z,emergency,traditional,20561659,300,0.2,1,6,80.9,3,258.49,77.5,61,0,82.7,0,12,0,13,15,300
campaign_2026-03-14T00-25-45-828Z,emergency_rep_14,14,2026-03-14T00:25:45.211Z,emergency,ai,20561659,300,0.2,1,6,16.9,8.6,185.05,2.6,49,0,33,0,22,0,9,43,300
campaign_2026-03-14T00-25-45-828Z,emergency_rep_15,15,2026-03-14T00:25:45.234Z,emergency,traditional,20561756,300,0.2,1,6,66.2,3.2,253.48,71.1,59,0,64.8,0,9,0,16,16,300
campaign_2026-03-14T00-25-45-828Z,emergency_rep_15,15,2026-03-14T00:25:45.251Z,emergency,ai,20561756,300,0.2,1,6,19.6,9.6,251.11,3,47,0,37.5,38.7,21,4,8,48,300
campaign_2026-03-14T00-25-45-828Z,emergency_rep_16,16,2026-03-14T00:25:45.271Z,emergency,traditional,20561853,300,0.2,1,6,64.4,3.4,244.25,55.8,59,1,69,0,12,0,15,17,300
campaign_2026-03-14T00-25-45-828Z,emergency_rep_16,16,2026-03-14T00:25:45.290Z,emergency,ai,20561853,300,0.2,1,6,13.3,8.8,171.7,3,50,0,30.8,0,19,0,6,44,300
campaign_2026-03-14T00-25-45-828Z,emergency_rep_17,17,2026-03-14T00:25:45.321Z,emergency,traditional,20561950,300,0.2,1,6,53.7,4.8,305.78,57.2,58,0,55.7,42.7,15,3,10,24,300
campaign_2026-03-14T00-25-45-828Z,emergency_rep_17,17,2026-03-14T00:25:45.350Z,emergency,ai,20561950,300,0.2,1,6,16.6,8.6,192.23,2.9,49,0,32.5,15.6,21,2,9,43,300
campaign_2026-03-14T00-25-45-828Z,emergency_rep_18,18,2026-03-14T00:25:45.389Z,emergency,traditional,20562047,300,0.2,1,6,70.3,3.6,275.31,59.6,60,0,78.9,0,11,0,12,18,300
campaign_2026-03-14T00-25-45-828Z,emergency_rep_18,18,2026-03-14T00:25:45.413Z,emergency,ai,20562047,300,0.2,1,6,14.8,8.4,192.99,3,47,0,41,45.3,13,2,14,42,300
campaign_2026-03-14T00-25-45-828Z,emergency_rep_19,19,2026-03-14T00:25:45.446Z,emergency,traditional,20562144,300,0.2,1,6,68.1,3.2,292.82,67.2,61,0,59.7,164.8,9,1,12,16,300
campaign_2026-03-14T00-25-45-828Z,emergency_rep_19,19,2026-03-14T00:25:45.467Z,emergency,ai,20562144,300,0.2,1,6,24,9,269.34,3.2,48,0,35.1,42.3,26,4,9,45,300
campaign_2026-03-14T00-25-45-828Z,emergency_rep_20,20,2026-03-14T00:25:45.488Z,emergency,traditional,20562241,300,0.2,1,6,48.8,3.6,227.3,64.8,60,0,42.1,0,12,0,12,18,300
campaign_2026-03-14T00-25-45-828Z,emergency_rep_20,20,2026-03-14T00:25:45.500Z,emergency,ai,20562241,300,0.2,1,6,22.1,9.6,237.69,2.7,47,0,40.3,54.6,25,1,8,48,300
campaign_2026-03-14T00-25-45-828Z,emergency_rep_21,21,2026-03-14T00:25:45.515Z,emergency,traditional,20562338,300,0.2,1,6,69.3,3.6,258.49,67,56,0,70.7,0,14,0,20,18,300
campaign_2026-03-14T00-25-45-828Z,emergency_rep_21,21,2026-03-14T00:25:45.532Z,emergency,ai,20562338,300,0.2,1,6,19.5,11.6,246.17,2.9,41,0,33.3,32.8,32,2,10,58,300
campaign_2026-03-14T00-25-45-828Z,emergency_rep_22,22,2026-03-14T00:25:45.557Z,emergency,traditional,20562435,300,0.2,1,6,79.5,3.6,298.57,119.1,60,0,68.9,0,14,0,12,18,300
campaign_2026-03-14T00-25-45-828Z,emergency_rep_22,22,2026-03-14T00:25:45.577Z,emergency,ai,20562435,300,0.2,1,6,20.2,9.8,219.37,2.7,45,0,34.5,26.2,28,1,11,49,300
campaign_2026-03-14T00-25-45-828Z,emergency_rep_23,23,2026-03-14T00:25:45.598Z,emergency,traditional,20562532,300,0.2,1,6,63.4,4,292.03,71.7,60,0,65.1,38.3,13,2,10,20,300
campaign_2026-03-14T00-25-45-828Z,emergency_rep_23,23,2026-03-14T00:25:45.613Z,emergency,ai,20562532,300,0.2,1,6,21.9,10.6,252.81,2.8,44,0,35.1,73.6,31,1,9,53,300
campaign_2026-03-14T00-25-45-828Z,emergency_rep_24,24,2026-03-14T00:25:45.632Z,emergency,traditional,20562629,300,0.2,1,6,70.3,3.8,294.44,70.2,61,1,72.2,0,11,0,9,19,300
campaign_2026-03-14T00-25-45-828Z,emergency_rep_24,24,2026-03-14T00:25:45.648Z,emergency,ai,20562629,300,0.2,1,6,19.1,9.2,203.86,2.8,48,0,35.1,0,25,0,8,46,300
campaign_2026-03-14T00-25-45-828Z,emergency_rep_25,25,2026-03-14T00:25:45.663Z,emergency,traditional,20562726,300,0.2,1,6,69.8,1.6,187.46,82.4,64,0,69.4,64.4,6,1,14,8,300
campaign_2026-03-14T00-25-45-828Z,emergency_rep_25,25,2026-03-14T00:25:45.676Z,emergency,ai,20562726,300,0.2,1,6,18.1,9.2,236.79,3.1,50,1,35,44.1,20,3,5,46,300
campaign_2026-03-14T00-25-45-828Z,emergency_rep_26,26,2026-03-14T00:25:45.689Z,emergency,traditional,20562823,300,0.2,1,6,58.7,2.2,189.58,45.4,62,0,72.1,0,6,0,16,11,300
campaign_2026-03-14T00-25-45-828Z,emergency_rep_26,26,2026-03-14T00:25:45.699Z,emergency,ai,20562823,300,0.2,1,6,15.8,9,196.11,2.7,48,0,29.8,56.8,22,1,10,45,300
campaign_2026-03-14T00-25-45-828Z,emergency_rep_27,27,2026-03-14T00:25:45.717Z,emergency,traditional,20562920,300,0.2,1,6,69.6,3,246.2,81.4,63,0,66.2,0,11,0,9,15,300
campaign_2026-03-14T00-25-45-828Z,emergency_rep_27,27,2026-03-14T00:25:45.732Z,emergency,ai,20562920,300,0.2,1,6,18.4,9.2,198.66,2.8,47,0,35.2,0,24,0,10,46,300
campaign_2026-03-14T00-25-45-828Z,emergency_rep_28,28,2026-03-14T00:25:45.749Z,emergency,traditional,20563017,300,0.2,1,6,66.4,3.2,250.76,67.5,61,1,67.2,0,10,0,12,16,300
campaign_2026-03-14T00-25-45-828Z,emergency_rep_28,28,2026-03-14T00:25:45.762Z,emergency,ai,20563017,300,0.2,1,6,17.8,10.6,237.73,2.7,45,1,33.5,26.4,25,4,7,53,300
campaign_2026-03-14T00-25-45-828Z,emergency_rep_29,29,2026-03-14T00:25:45.775Z,emergency,traditional,20563114,300,0.2,1,6,68.2,2.6,210.49,30.5,63,0,75.6,0,11,0,11,13,300
campaign_2026-03-14T00-25-45-828Z,emergency_rep_29,29,2026-03-14T00:25:45.789Z,emergency,ai,20563114,300,0.2,1,6,23.8,9.8,233.5,2.9,45,0,36.5,0,32,0,11,49,300
campaign_2026-03-14T00-25-45-828Z,emergency_rep_30,30,2026-03-14T00:25:45.810Z,emergency,traditional,20563211,300,0.2,1,6,82.2,4,349.54,63.3,58,0,87.7,140.6,13,1,14,20,300
campaign_2026-03-14T00-25-45-828Z,emergency_rep_30,30,2026-03-14T00:25:45.827Z,emergency,ai,20563211,300,0.2,1,6,16.6,11.4,215.36,2.9,43,0,35.7,16.2,26,1,7,57,300