timestamp,scenario,mode,repetition,seed,grid_size,duration,avg_wait_time,flow_rate,co2_emissions,emergency_response_time,total_collisions
2026-03-14T16:46:05.674Z,normal,traditional,1,20264518,4,120,32,2.5,47.7,0,18
2026-03-14T16:46:05.682Z,normal,ai,1,20264518,4,120,11.9,7.5,51.72,1.2,13
2026-03-14T16:46:05.693Z,normal,rl,1,20264518,4,120,18.9,6,57.68,0,14
2026-03-14T16:46:05.699Z,normal,traditional,2,20264615,4,120,18.5,1.5,38.4,0,19
2026-03-14T16:46:05.705Z,normal,ai,2,20264615,4,120,15.8,7.5,58.22,2.4,14
2026-03-14T16:46:05.709Z,normal,rl,2,20264615,4,120,18,4,45.66,0,17
2026-03-14T16:46:05.712Z,normal,traditional,3,20264712,4,120,12.4,4,39.35,9.6,16
2026-03-14T16:46:05.714Z,normal,ai,3,20264712,4,120,7.3,8.5,41.22,1.2,13
2026-03-14T16:46:05.716Z,normal,rl,3,20264712,4,120,20.5,3.5,49.46,1.2,20
2026-03-14T16:46:05.718Z,normal,traditional,4,20264809,4,120,19.7,4,51.59,0,15
2026-03-14T16:46:05.720Z,normal,ai,4,20264809,4,120,12.3,8,50.17,1.8,13
2026-03-14T16:46:05.722Z,normal,rl,4,20264809,4,120,16.9,8,61.14,0,15
2026-03-14T16:46:05.723Z,normal,traditional,5,20264906,4,120,37.1,2,46.97,15.6,18
2026-03-14T16:46:05.725Z,normal,ai,5,20264906,4,120,17.6,6,59.78,0,16
2026-03-14T16:46:05.727Z,normal,rl,5,20264906,4,120,13.2,9.5,64.6,42,13
2026-03-14T16:46:05.729Z,normal,traditional,6,20265003,4,120,23.5,5,56.5,0,17
2026-03-14T16:46:05.731Z,normal,ai,6,20265003,4,120,17.3,4,47.5,1.6,19
2026-03-14T16:46:05.732Z,normal,rl,6,20265003,4,120,13,8.5,66.98,0,14
2026-03-14T16:46:05.736Z,rush_hour,traditional,1,20364518,4,120,8.2,5.5,146.5,0,88
2026-03-14T16:46:05.741Z,rush_hour,ai,1,20364518,4,120,8.2,12,162.02,2.3,83
2026-03-14T16:46:05.746Z,rush_hour,rl,1,20364518,4,120,4.9,7.5,144.03,7.5,86
2026-03-14T16:46:05.750Z,rush_hour,traditional,2,20364615,4,120,10.4,4.5,148.79,0,90
2026-03-14T16:46:05.755Z,rush_hour,ai,2,20364615,4,120,4.4,9,143.22,1.6,84
2026-03-14T16:46:05.759Z,rush_hour,rl,2,20364615,4,120,4.7,12.5,148.36,10.7,83
2026-03-14T16:46:05.763Z,rush_hour,traditional,3,20364712,4,120,13.2,5,156.82,0,92
2026-03-14T16:46:05.767Z,rush_hour,ai,3,20364712,4,120,6.9,12,157.13,2,84
2026-03-14T16:46:05.772Z,rush_hour,rl,3,20364712,4,120,5.4,13.5,147.99,11.1,80
2026-03-14T16:46:05.776Z,rush_hour,traditional,4,20364809,4,120,6.3,6,143.39,2,87
2026-03-14T16:46:05.781Z,rush_hour,ai,4,20364809,4,120,6,13.5,157.01,2.1,82
2026-03-14T16:46:05.786Z,rush_hour,rl,4,20364809,4,120,9.4,12.5,160,4.4,83
2026-03-14T16:46:05.790Z,rush_hour,traditional,5,20364906,4,120,6.7,5.5,149.6,13.4,90
2026-03-14T16:46:05.793Z,rush_hour,ai,5,20364906,4,120,5.1,10,149.77,1.4,85
2026-03-14T16:46:05.797Z,rush_hour,rl,5,20364906,4,120,8.9,12,159.09,8.1,83
2026-03-14T16:46:05.801Z,rush_hour,traditional,6,20365003,4,120,2.2,5,141.21,0,90
2026-03-14T16:46:05.804Z,rush_hour,ai,6,20365003,4,120,6,9.5,156.85,1.8,88
2026-03-14T16:46:05.808Z,rush_hour,rl,6,20365003,4,120,10.3,9.5,162.61,14.3,88
2026-03-14T16:46:05.811Z,accident,traditional,1,20464518,4,120,67.6,0.5,48.85,0,27
2026-03-14T16:46:05.813Z,accident,ai,1,20464518,4,120,6.7,4,47.24,1.7,23
2026-03-14T16:46:05.816Z,accident,rl,1,20464518,4,120,8.4,5,60.78,4.7,23
2026-03-14T16:46:05.819Z,accident,traditional,2,20464615,4,120,27.6,2,60.43,0,24
2026-03-14T16:46:05.821Z,accident,ai,2,20464615,4,120,13.4,4.5,51.99,1.8,23
2026-03-14T16:46:05.823Z,accident,rl,2,20464615,4,120,14.2,3,54.04,13.3,25
2026-03-14T16:46:05.825Z,accident,traditional,3,20464712,4,120,28.9,1.5,49.34,10,25
2026-03-14T16:46:05.828Z,accident,ai,3,20464712,4,120,9.4,3,43.09,1.2,23
2026-03-14T16:46:05.829Z,accident,rl,3,20464712,4,120,17,2.5,50.82,25.8,25
2026-03-14T16:46:05.831Z,accident,traditional,4,20464809,4,120,2.5,1.5,37.79,0,24
2026-03-14T16:46:05.832Z,accident,ai,4,20464809,4,120,12.3,6.5,71.4,3.3,22
2026-03-14T16:46:05.834Z,accident,rl,4,20464809,4,120,4.5,2.5,43.31,0,26
2026-03-14T16:46:05.835Z,accident,traditional,5,20464906,4,120,22,0.5,41.94,0,26
2026-03-14T16:46:05.837Z,accident,ai,5,20464906,4,120,12.1,6.5,59.12,3.6,21
2026-03-14T16:46:05.839Z,accident,rl,5,20464906,4,120,22.6,2.5,52.64,0,25
2026-03-14T16:46:05.841Z,accident,traditional,6,20465003,4,120,29,1,54.95,0,26
2026-03-14T16:46:05.842Z,accident,ai,6,20465003,4,120,11.2,5,51.38,2.8,23
2026-03-14T16:46:05.844Z,accident,rl,6,20465003,4,120,17.9,3.5,51.66,1.2,23
2026-03-14T16:46:05.846Z,emergency,traditional,1,20564518,4,120,26.2,5.5,74.24,19.2,21
2026-03-14T16:46:05.847Z,emergency,ai,1,20564518,4,120,10.8,12.5,67.93,1.8,16
2026-03-14T16:46:05.849Z,emergency,rl,1,20564518,4,120,12.2,6,55.03,13.9,21
2026-03-14T16:46:05.850Z,emergency,traditional,2,20564615,4,120,18,4,54.3,17.6,21
2026-03-14T16:46:05.852Z,emergency,ai,2,20564615,4,120,8.8,14,58.85,1.7,13
2026-03-14T16:46:05.854Z,emergency,rl,2,20564615,4,120,12.3,9.5,65.76,19.6,18
2026-03-14T16:46:05.855Z,emergency,traditional,3,20564712,4,120,21.2,3.5,52.67,0,22
2026-03-14T16:46:05.857Z,emergency,ai,3,20564712,4,120,9.5,11.5,68.04,1.8,16
2026-03-14T16:46:05.859Z,emergency,rl,3,20564712,4,120,12.8,7.5,59.2,9.6,19
2026-03-14T16:46:05.860Z,emergency,traditional,4,20564809,4,120,30.6,4.5,78.02,43.5,21
2026-03-14T16:46:05.862Z,emergency,ai,4,20564809,4,120,6.1,12,52.21,1.9,17
2026-03-14T16:46:05.864Z,emergency,rl,4,20564809,4,120,20.5,1.5,45.71,0,25
2026-03-14T16:46:05.865Z,emergency,traditional,5,20564906,4,120,20.6,5,66.15,19.1,21
2026-03-14T16:46:05.867Z,emergency,ai,5,20564906,4,120,9.5,10,57.62,1.7,18
2026-03-14T16:46:05.868Z,emergency,rl,5,20564906,4,120,10.9,5,53.9,13.4,23
2026-03-14T16:46:05.870Z,emergency,traditional,6,20565003,4,120,24.1,5.5,67.05,14.7,19
2026-03-14T16:46:05.872Z,emergency,ai,6,20565003,4,120,7.9,12.5,63.88,1.5,15
2026-03-14T16:46:05.874Z,emergency,rl,6,20565003,4,120,15.1,10.5,73.16,15.1,16
2026-03-14T16:46:05.876Z,normal,traditional,1,20264578,4,180,21.1,2.7,66.76,11.8,29
2026-03-14T16:46:05.878Z,normal,ai,1,20264578,4,180,22.7,7.3,104.57,1.8,23
2026-03-14T16:46:05.880Z,normal,rl,1,20264578,4,180,9,8.3,77.62,9.8,22
2026-03-14T16:46:05.883Z,normal,traditional,2,20264675,4,180,27.3,3.3,79.93,6.2,29
2026-03-14T16:46:05.884Z,normal,ai,2,20264675,4,180,12.6,6,79.82,1.5,26
2026-03-14T16:46:05.887Z,normal,rl,2,20264675,4,180,14.5,7.3,81.95,12.8,24
2026-03-14T16:46:05.889Z,normal,traditional,3,20264772,4,180,21.8,4.7,93.22,26.6,24
2026-03-14T16:46:05.891Z,normal,ai,3,20264772,4,180,22,5.7,99.18,1.2,26
2026-03-14T16:46:05.894Z,normal,rl,3,20264772,4,180,14.1,6.3,85.96,23,24
2026-03-14T16:46:05.896Z,normal,traditional,4,20264869,4,180,8.7,4.3,59.58,0,28
2026-03-14T16:46:05.898Z,normal,ai,4,20264869,4,180,14.7,6,78.35,1.6,25
2026-03-14T16:46:05.901Z,normal,rl,4,20264869,4,180,12.9,7.7,77.29,5.6,23
2026-03-14T16:46:05.904Z,normal,traditional,5,20264966,4,180,24.5,5,90.48,52,26
2026-03-14T16:46:05.906Z,normal,ai,5,20264966,4,180,12.4,10.7,91.38,1.7,19
2026-03-14T16:46:05.908Z,normal,rl,5,20264966,4,180,12,7.3,81.01,27.8,25
2026-03-14T16:46:05.910Z,normal,traditional,6,20265063,4,180,29.1,5.7,124.43,0,26
2026-03-14T16:46:05.912Z,normal,ai,6,20265063,4,180,15.1,8.3,90.11,2,22
2026-03-14T16:46:05.914Z,normal,rl,6,20265063,4,180,12.2,7.7,77.03,31.4,23
2026-03-14T16:46:05.919Z,rush_hour,traditional,1,20364578,4,180,6.4,6.7,223.19,3.3,134
2026-03-14T16:46:05.924Z,rush_hour,ai,1,20364578,4,180,5.7,11.7,231.11,1.9,128
2026-03-14T16:46:05.929Z,rush_hour,rl,1,20364578,4,180,4.3,13.3,228.24,9.9,125
2026-03-14T16:46:05.933Z,rush_hour,traditional,2,20364675,4,180,9.5,5.3,231.09,6,136
2026-03-14T16:46:05.939Z,rush_hour,ai,2,20364675,4,180,6.8,9.3,234.69,1.9,132
2026-03-14T16:46:05.943Z,rush_hour,rl,2,20364675,4,180,5.4,12,229.4,4.4,128
2026-03-14T16:46:05.947Z,rush_hour,traditional,3,20364772,4,180,10.8,5.3,232.7,15.4,136
2026-03-14T16:46:05.952Z,rush_hour,ai,3,20364772,4,180,5.6,13.7,235.58,1.5,125
2026-03-14T16:46:05.957Z,rush_hour,rl,3,20364772,4,180,4.6,14.7,226.82,2.9,125
2026-03-14T16:46:05.961Z,rush_hour,traditional,4,20364869,4,180,10.1,7.3,246.74,20.4,135
2026-03-14T16:46:05.966Z,rush_hour,ai,4,20364869,4,180,7.1,14.7,251.17,1.6,125
2026-03-14T16:46:05.972Z,rush_hour,rl,4,20364869,4,180,6,10.7,227.93,11.5,129
2026-03-14T16:46:05.976Z,rush_hour,traditional,5,20364966,4,180,7.5,5,237.13,0,140
2026-03-14T16:46:05.981Z,rush_hour,ai,5,20364966,4,180,4.8,11.3,224.84,1.6,130
2026-03-14T16:46:05.985Z,rush_hour,rl,5,20364966,4,180,6.3,9,226.64,9.3,131
2026-03-14T16:46:05.990Z,rush_hour,traditional,6,20365063,4,180,10.1,5,229.66,0,138
2026-03-14T16:46:05.994Z,rush_hour,ai,6,20365063,4,180,5.6,11.3,231.72,1.4,129
2026-03-14T16:46:05.999Z,rush_hour,rl,6,20365063,4,180,6.6,14.3,244.39,11.6,124
2026-03-14T16:46:06.001Z,accident,traditional,1,20464578,4,180,13,2,69.23,0,37
2026-03-14T16:46:06.003Z,accident,ai,1,20464578,4,180,14.8,6,100.22,2.6,34
2026-03-14T16:46:06.006Z,accident,rl,1,20464578,4,180,16.8,4.3,87.1,49,36
2026-03-14T16:46:06.008Z,accident,traditional,2,20464675,4,180,28.6,2,93.24,0,39
2026-03-14T16:46:06.010Z,accident,ai,2,20464675,4,180,9.7,6,78.44,2.1,34
2026-03-14T16:46:06.013Z,accident,rl,2,20464675,4,180,19.8,5.3,94.06,2.4,34
2026-03-14T16:46:06.015Z,accident,traditional,3,20464772,4,180,27.1,1.3,74.36,53,38
2026-03-14T16:46:06.017Z,accident,ai,3,20464772,4,180,14.8,6,91.85,1.9,31
2026-03-14T16:46:06.020Z,accident,rl,3,20464772,4,180,16.5,5.3,91.06,28.8,34
2026-03-14T16:46:06.022Z,accident,traditional,4,20464869,4,180,18.8,2.3,74.71,0,38
2026-03-14T16:46:06.024Z,accident,ai,4,20464869,4,180,14.4,6,87.92,1.9,34
2026-03-14T16:46:06.025Z,accident,rl,4,20464869,4,180,8.2,4.3,70.76,6.9,35
2026-03-14T16:46:06.028Z,accident,traditional,5,20464966,4,180,8.6,1.3,62.35,0,38
2026-03-14T16:46:06.029Z,accident,ai,5,20464966,4,180,10.9,6.3,91.57,2.4,33
2026-03-14T16:46:06.032Z,accident,rl,5,20464966,4,180,14.4,4.3,84.5,61.8,36
2026-03-14T16:46:06.034Z,accident,traditional,6,20465063,4,180,26,1.3,75.04,0,41
2026-03-14T16:46:06.036Z,accident,ai,6,20465063,4,180,7.6,5,72.48,1.8,35
2026-03-14T16:46:06.038Z,accident,rl,6,20465063,4,180,7.4,3.7,68.62,7.1,36
2026-03-14T16:46:06.040Z,emergency,traditional,1,20564578,4,180,10.5,3.3,76.07,9.3,36
2026-03-14T16:46:06.042Z,emergency,ai,1,20564578,4,180,8.5,13,98.99,1.6,23
2026-03-14T16:46:06.044Z,emergency,rl,1,20564578,4,180,15,8.7,129.98,21.9,30
2026-03-14T16:46:06.047Z,emergency,traditional,2,20564675,4,180,26.5,5.3,115.98,24.2,35
2026-03-14T16:46:06.049Z,emergency,ai,2,20564675,4,180,8.7,13,92.43,1.8,23
2026-03-14T16:46:06.051Z,emergency,rl,2,20564675,4,180,10.4,7.7,89.38,11.7,32
2026-03-14T16:46:06.055Z,emergency,traditional,3,20564772,4,180,29.4,7.3,159.1,33.1,31
2026-03-14T16:46:06.057Z,emergency,ai,3,20564772,4,180,11.5,8.3,93.23,1.9,29
2026-03-14T16:46:06.060Z,emergency,rl,3,20564772,4,180,10.7,8.7,97.36,9.2,29
2026-03-14T16:46:06.062Z,emergency,traditional,4,20564869,4,180,22.3,3.3,94.15,30.1,37
2026-03-14T16:46:06.064Z,emergency,ai,4,20564869,4,180,11.9,11.7,102.16,1.9,26
2026-03-14T16:46:06.066Z,emergency,rl,4,20564869,4,180,17,9,119.26,10.2,28
2026-03-14T16:46:06.069Z,emergency,traditional,5,20564966,4,180,17.2,5.7,92.97,18.5,32
2026-03-14T16:46:06.071Z,emergency,ai,5,20564966,4,180,6.4,11.3,78.31,1.6,26
2026-03-14T16:46:06.074Z,emergency,rl,5,20564966,4,180,16.8,6,105.19,23.1,34
2026-03-14T16:46:06.076Z,emergency,traditional,6,20565063,4,180,24.9,4.7,100.99,34.1,34
2026-03-14T16:46:06.078Z,emergency,ai,6,20565063,4,180,9.7,12.3,95.78,1.8,24
2026-03-14T16:46:06.080Z,emergency,rl,6,20565063,4,180,12.4,8,95.04,17.3,28
2026-03-14T16:46:06.084Z,normal,traditional,1,20264638,4,240,35.6,3.8,126.05,30,36
2026-03-14T16:46:06.087Z,normal,ai,1,20264638,4,240,14.2,10,127.31,1.9,26
2026-03-14T16:46:06.091Z,normal,rl,1,20264638,4,240,11.9,7.8,102.64,1.8,32
2026-03-14T16:46:06.094Z,normal,traditional,2,20264735,4,240,22.2,4.5,111.48,11.8,38
2026-03-14T16:46:06.097Z,normal,ai,2,20264735,4,240,14.7,9.5,128.99,2.1,29
2026-03-14T16:46:06.099Z,normal,rl,2,20264735,4,240,8,5.8,82.74,2,36
2026-03-14T16:46:06.103Z,normal,traditional,3,20264832,4,240,20.6,3.8,100,0,39
2026-03-14T16:46:06.106Z,normal,ai,3,20264832,4,240,16.9,7.3,120.53,3.6,32
2026-03-14T16:46:06.109Z,normal,rl,3,20264832,4,240,15.2,5,99.73,2.2,38
2026-03-14T16:46:06.113Z,normal,traditional,4,20264929,4,240,33.7,6.3,184.63,0,35
2026-03-14T16:46:06.117Z,normal,ai,4,20264929,4,240,15.6,9,127.91,1.2,30
2026-03-14T16:46:06.120Z,normal,rl,4,20264929,4,240,14.5,7.8,114.15,20.6,32
2026-03-14T16:46:06.124Z,normal,traditional,5,20265026,4,240,37.8,2.8,113.41,0,40
2026-03-14T16:46:06.127Z,normal,ai,5,20265026,4,240,14.9,8.5,116.97,1.9,30
2026-03-14T16:46:06.130Z,normal,rl,5,20265026,4,240,16.7,8.3,130.06,16.3,31
2026-03-14T16:46:06.133Z,normal,traditional,6,20265123,4,240,22.7,5,119.18,0,36
2026-03-14T16:46:06.136Z,normal,ai,6,20265123,4,240,14.7,9.5,129.41,1.5,29
2026-03-14T16:46:06.139Z,normal,rl,6,20265123,4,240,16,7.8,133,12.6,30
2026-03-14T16:46:06.144Z,rush_hour,traditional,1,20364638,4,240,7,5.3,308.95,1.6,184
2026-03-14T16:46:06.150Z,rush_hour,ai,1,20364638,4,240,6.9,12.5,329.41,1.7,170
2026-03-14T16:46:06.156Z,rush_hour,rl,1,20364638,4,240,5.9,9,305.54,14.6,177
2026-03-14T16:46:06.163Z,rush_hour,traditional,2,20364735,4,240,12.5,7.5,338.01,22.8,180
2026-03-14T16:46:06.170Z,rush_hour,ai,2,20364735,4,240,6.8,14.5,325.85,1.7,169
2026-03-14T16:46:06.176Z,rush_hour,rl,2,20364735,4,240,5.5,12.5,311.92,19.6,172
2026-03-14T16:46:06.182Z,rush_hour,traditional,3,20364832,4,240,6.9,6.3,304.47,1.2,183
2026-03-14T16:46:06.188Z,rush_hour,ai,3,20364832,4,240,6.8,14.3,334.46,1.6,169
2026-03-14T16:46:06.194Z,rush_hour,rl,3,20364832,4,240,5.5,12.3,310.13,1.4,171
2026-03-14T16:46:06.199Z,rush_hour,traditional,4,20364929,4,240,7.1,6.8,305.87,1.8,182
2026-03-14T16:46:06.205Z,rush_hour,ai,4,20364929,4,240,6.7,13.3,317.57,1.7,169
2026-03-14T16:46:06.211Z,rush_hour,rl,4,20364929,4,240,6.8,11.5,309.76,3,172
2026-03-14T16:46:06.218Z,rush_hour,traditional,5,20365026,4,240,9.4,6.3,319.21,8.2,181
2026-03-14T16:46:06.224Z,rush_hour,ai,5,20365026,4,240,5.8,10.3,303.94,1.7,174
2026-03-14T16:46:06.230Z,rush_hour,rl,5,20365026,4,240,7.4,11.8,317.45,1.2,170
2026-03-14T16:46:06.237Z,rush_hour,traditional,6,20365123,4,240,7.6,5.3,313,12.6,186
2026-03-14T16:46:06.243Z,rush_hour,ai,6,20365123,4,240,6.4,13.3,324.98,1.9,170
2026-03-14T16:46:06.250Z,rush_hour,rl,6,20365123,4,240,6,11.5,317.04,12.7,170
2026-03-14T16:46:06.252Z,accident,traditional,1,20464638,4,240,23.3,2.3,113.24,49.8,53
2026-03-14T16:46:06.255Z,accident,ai,1,20464638,4,240,7,4.3,94.74,1.7,50
2026-03-14T16:46:06.258Z,accident,rl,1,20464638,4,240,20.5,4.8,133.92,22,46
2026-03-14T16:46:06.260Z,accident,traditional,2,20464735,4,240,17.1,2.5,108.43,16.5,53
2026-03-14T16:46:06.263Z,accident,ai,2,20464735,4,240,5.7,4.8,90.86,2.1,47
2026-03-14T16:46:06.266Z,accident,rl,2,20464735,4,240,14.5,3.5,104.28,8.2,50
2026-03-14T16:46:06.268Z,accident,traditional,3,20464832,4,240,25.8,2.8,125.08,35.8,52
2026-03-14T16:46:06.271Z,accident,ai,3,20464832,4,240,14.7,5.5,123.72,4,46
2026-03-14T16:46:06.277Z,accident,rl,3,20464832,4,240,18,3.5,114.36,0,49
2026-03-14T16:46:06.280Z,accident,traditional,4,20464929,4,240,20.8,2,99.23,0,51
2026-03-14T16:46:06.283Z,accident,ai,4,20464929,4,240,13.6,7,121.85,1.5,43
2026-03-14T16:46:06.286Z,accident,rl,4,20464929,4,240,13.8,5.3,111.6,5.6,46
2026-03-14T16:46:06.288Z,accident,traditional,5,20465026,4,240,16.9,2.5,100.87,19,51
2026-03-14T16:46:06.291Z,accident,ai,5,20465026,4,240,11.7,5.8,111.59,1.9,47
2026-03-14T16:46:06.293Z,accident,rl,5,20465026,4,240,13.4,4.3,115.53,17.7,49
2026-03-14T16:46:06.296Z,accident,traditional,6,20465123,4,240,31.1,2,110.22,0,52
2026-03-14T16:46:06.299Z,accident,ai,6,20465123,4,240,10.9,6.5,116.04,2.6,46
2026-03-14T16:46:06.302Z,accident,rl,6,20465123,4,240,12.8,5,118.3,39.2,47
2026-03-14T16:46:06.306Z,emergency,traditional,1,20564638,4,240,24.5,7.3,173.23,21.6,41
2026-03-14T16:46:06.309Z,emergency,ai,1,20564638,4,240,7.5,11.8,114.95,1.8,34
2026-03-14T16:46:06.312Z,emergency,rl,1,20564638,4,240,12.3,9.8,146,11.7,37
2026-03-14T16:46:06.315Z,emergency,traditional,2,20564735,4,240,14.7,5.5,119.24,8.6,45
2026-03-14T16:46:06.318Z,emergency,ai,2,20564735,4,240,7.5,14.3,124.54,2,30
2026-03-14T16:46:06.320Z,emergency,rl,2,20564735,4,240,15,7,149.05,17,43
2026-03-14T16:46:06.323Z,emergency,traditional,3,20564832,4,240,26.6,4.8,153.64,20.6,47
2026-03-14T16:46:06.326Z,emergency,ai,3,20564832,4,240,7.1,12,108.99,1.6,33
2026-03-14T16:46:06.329Z,emergency,rl,3,20564832,4,240,12.1,5.3,118.93,22.1,47
2026-03-14T16:46:06.332Z,emergency,traditional,4,20564929,4,240,22.2,4.5,127.31,19.2,47
2026-03-14T16:46:06.335Z,emergency,ai,4,20564929,4,240,8.1,13,123.6,1.7,31
2026-03-14T16:46:06.338Z,emergency,rl,4,20564929,4,240,14.1,9.5,147.29,11.3,38
2026-03-14T16:46:06.342Z,emergency,traditional,5,20565026,4,240,21.8,5.3,132.28,0,46
2026-03-14T16:46:06.345Z,emergency,ai,5,20565026,4,240,9.9,12.5,143.03,1.8,33
2026-03-14T16:46:06.348Z,emergency,rl,5,20565026,4,240,13.8,8,135.83,18.1,41
2026-03-14T16:46:06.351Z,emergency,traditional,6,20565123,4,240,20.3,7.8,157.78,14.9,40
2026-03-14T16:46:06.354Z,emergency,ai,6,20565123,4,240,6.5,11.3,102.83,1.6,34
2026-03-14T16:46:06.357Z,emergency,rl,6,20565123,4,240,14.7,7.3,129.34,16.3,41
2026-03-14T16:46:06.360Z,normal,traditional,1,20266518,6,120,0,0,27,0,18
2026-03-14T16:46:06.363Z,normal,ai,1,20266518,6,120,29.3,5,64.76,3.3,16
2026-03-14T16:46:06.366Z,normal,rl,1,20266518,6,120,24.3,6.5,61.51,4.2,12
2026-03-14T16:46:06.370Z,normal,traditional,2,20266615,6,120,53.9,1,39.34,0,17
2026-03-14T16:46:06.373Z,normal,ai,2,20266615,6,120,28,7,86.66,2.9,14
2026-03-14T16:46:06.377Z,normal,rl,2,20266615,6,120,36.8,4.5,69.63,26.3,15
2026-03-14T16:46:06.381Z,normal,traditional,3,20266712,6,120,30.9,2,38.16,6.2,14
2026-03-14T16:46:06.384Z,normal,ai,3,20266712,6,120,34.5,6,76.71,3.1,14
2026-03-14T16:46:06.388Z,normal,rl,3,20266712,6,120,32.8,6.5,82.09,19,13
2026-03-14T16:46:06.391Z,normal,traditional,4,20266809,6,120,33.6,2,40.85,0,15
2026-03-14T16:46:06.394Z,normal,ai,4,20266809,6,120,25.9,5,66.66,3.2,16
2026-03-14T16:46:06.397Z,normal,rl,4,20266809,6,120,20.4,4,44.34,27,13
2026-03-14T16:46:06.402Z,normal,traditional,5,20266906,6,120,43.3,1.5,39.46,0,15
2026-03-14T16:46:06.405Z,normal,ai,5,20266906,6,120,21.4,2.5,41,3.6,17
2026-03-14T16:46:06.409Z,normal,rl,5,20266906,6,120,23.5,7,72.09,0,15
2026-03-14T16:46:06.413Z,normal,traditional,6,20267003,6,120,49.4,1.5,43.22,0,16
2026-03-14T16:46:06.416Z,normal,ai,6,20267003,6,120,40.7,4.5,73.87,0,17
2026-03-14T16:46:06.420Z,normal,rl,6,20267003,6,120,27.4,3,49.49,29.4,17
2026-03-14T16:46:06.428Z,rush_hour,traditional,1,20366518,6,120,39.2,1.5,153.13,0,89
2026-03-14T16:46:06.436Z,rush_hour,ai,1,20366518,6,120,18,6,162.88,2.5,87
2026-03-14T16:46:06.444Z,rush_hour,rl,1,20366518,6,120,30.3,5.5,176.17,34,86
2026-03-14T16:46:06.452Z,rush_hour,traditional,2,20366615,6,120,46.2,2.5,164.53,41.6,88
2026-03-14T16:46:06.460Z,rush_hour,ai,2,20366615,6,120,20,7,170.05,2.6,86
2026-03-14T16:46:06.468Z,rush_hour,rl,2,20366615,6,120,22.9,4.5,160.7,0,88
2026-03-14T16:46:06.476Z,rush_hour,traditional,3,20366712,6,120,40.9,2,154.91,0,89
2026-03-14T16:46:06.484Z,rush_hour,ai,3,20366712,6,120,20.8,4.5,161.63,3.6,90
2026-03-14T16:46:06.492Z,rush_hour,rl,3,20366712,6,120,9.8,4.5,143.46,0,86
2026-03-14T16:46:06.498Z,rush_hour,traditional,4,20366809,6,120,56.6,0.5,143.77,0,91
2026-03-14T16:46:06.505Z,rush_hour,ai,4,20366809,6,120,15.6,7.5,166.37,3.5,84
2026-03-14T16:46:06.512Z,rush_hour,rl,4,20366809,6,120,8.1,3.5,141.74,26.4,87
2026-03-14T16:46:06.523Z,rush_hour,traditional,5,20366906,6,120,45.4,1,145.24,0,89
2026-03-14T16:46:06.531Z,rush_hour,ai,5,20366906,6,120,18.1,5.5,169.57,2.6,88
2026-03-14T16:46:06.539Z,rush_hour,rl,5,20366906,6,120,19.8,4,158.14,38.8,89
2026-03-14T16:46:06.546Z,rush_hour,traditional,6,20367003,6,120,29.5,1,142.8,0,90
2026-03-14T16:46:06.553Z,rush_hour,ai,6,20367003,6,120,20.5,7.5,171.15,2.1,85
2026-03-14T16:46:06.561Z,rush_hour,rl,6,20367003,6,120,14.6,7,174.25,14.7,87
2026-03-14T16:46:06.565Z,accident,traditional,1,20466518,6,120,76,0.5,50.4,78.8,24
2026-03-14T16:46:06.568Z,accident,ai,1,20466518,6,120,24.5,3.5,58.12,3.2,22
2026-03-14T16:46:06.572Z,accident,rl,1,20466518,6,120,35,2.5,59.67,25.6,23
2026-03-14T16:46:06.576Z,accident,traditional,2,20466615,6,120,45,1.5,49.26,0,21
2026-03-14T16:46:06.580Z,accident,ai,2,20466615,6,120,22,6.5,86.19,2.5,20
2026-03-14T16:46:06.584Z,accident,rl,2,20466615,6,120,45.1,2.5,81.62,45.6,24
2026-03-14T16:46:06.587Z,accident,traditional,3,20466712,6,120,0,0,37.5,0,25
2026-03-14T16:46:06.590Z,accident,ai,3,20466712,6,120,23.9,4,60.29,3.4,22
2026-03-14T16:46:06.593Z,accident,rl,3,20466712,6,120,27.6,2.5,47.2,0,19
2026-03-14T16:46:06.596Z,accident,traditional,4,20466809,6,120,0,0,40.5,0,27
2026-03-14T16:46:06.598Z,accident,ai,4,20466809,6,120,28.6,5,72.07,3.1,21
2026-03-14T16:46:06.602Z,accident,rl,4,20466809,6,120,29.5,3.5,61.23,27.6,21
2026-03-14T16:46:06.605Z,accident,traditional,5,20466906,6,120,45.4,0.5,41.93,0,24
2026-03-14T16:46:06.608Z,accident,ai,5,20466906,6,120,23.2,3,51.02,2.4,21
2026-03-14T16:46:06.611Z,accident,rl,5,20466906,6,120,34.8,2.5,51.82,0,19
2026-03-14T16:46:06.614Z,accident,traditional,6,20467003,6,120,17.8,1,42.79,0,25
2026-03-14T16:46:06.616Z,accident,ai,6,20467003,6,120,31.5,2,55.18,7.8,25
2026-03-14T16:46:06.619Z,accident,rl,6,20467003,6,120,22.2,4,57.68,0,22
2026-03-14T16:46:06.623Z,emergency,traditional,1,20566518,6,120,53.9,2.5,65.06,7.8,20
2026-03-14T16:46:06.627Z,emergency,ai,1,20566518,6,120,17.8,7,67.87,2.9,20
2026-03-14T16:46:06.631Z,emergency,rl,1,20566518,6,120,25,2.5,69.51,10.4,22
2026-03-14T16:46:06.634Z,emergency,traditional,2,20566615,6,120,31.9,2,51.71,24.3,21
2026-03-14T16:46:06.637Z,emergency,ai,2,20566615,6,120,9.6,8.5,56.87,3,18
2026-03-14T16:46:06.641Z,emergency,rl,2,20566615,6,120,29.2,5.5,82.3,77.2,20
2026-03-14T16:46:06.645Z,emergency,traditional,3,20566712,6,120,56.6,2,84.33,52.9,21
2026-03-14T16:46:06.648Z,emergency,ai,3,20566712,6,120,14.4,7.5,81.86,2.8,18
2026-03-14T16:46:06.652Z,emergency,rl,3,20566712,6,120,27.7,5,68.71,34,18
2026-03-14T16:46:06.655Z,emergency,traditional,4,20566809,6,120,34.9,1,43.84,0,23
2026-03-14T16:46:06.658Z,emergency,ai,4,20566809,6,120,10.8,4.5,49.87,3.3,22
2026-03-14T16:46:06.661Z,emergency,rl,4,20566809,6,120,26.1,6,78.8,30.8,20
2026-03-14T16:46:06.664Z,emergency,traditional,5,20566906,6,120,41.5,1,54.67,0,22
2026-03-14T16:46:06.667Z,emergency,ai,5,20566906,6,120,17.2,3.5,49.76,3.2,21
2026-03-14T16:46:06.671Z,emergency,rl,5,20566906,6,120,36.6,5,83.38,42.3,20
2026-03-14T16:46:06.675Z,emergency,traditional,6,20567003,6,120,28.5,2,49.03,28.5,20
2026-03-14T16:46:06.678Z,emergency,ai,6,20567003,6,120,10.8,8,56.04,2.7,17
2026-03-14T16:46:06.682Z,emergency,rl,6,20567003,6,120,43.2,3.5,87.05,59.5,20
2026-03-14T16:46:06.689Z,normal,traditional,1,20266578,6,180,63.2,3,111.43,0,26
2026-03-14T16:46:06.695Z,normal,ai,1,20266578,6,180,38.4,5,118.42,2.4,26
2026-03-14T16:46:06.701Z,normal,rl,1,20266578,6,180,29.3,3.7,84.07,0,27
2026-03-14T16:46:06.706Z,normal,traditional,2,20266675,6,180,59,1.3,72.06,0,28
2026-03-14T16:46:06.710Z,normal,ai,2,20266675,6,180,30.7,3.7,84.77,2,26
2026-03-14T16:46:06.716Z,normal,rl,2,20266675,6,180,48.3,5,142.71,0,25
2026-03-14T16:46:06.722Z,normal,traditional,3,20266772,6,180,53.5,2.7,95.23,0,27
2026-03-14T16:46:06.727Z,normal,ai,3,20266772,6,180,33.2,4.7,115.67,0,25
2026-03-14T16:46:06.732Z,normal,rl,3,20266772,6,180,37.2,5.3,115.75,0,25
2026-03-14T16:46:06.740Z,normal,traditional,4,20266869,6,180,79.3,3.3,134.23,0,23
2026-03-14T16:46:06.746Z,normal,ai,4,20266869,6,180,36.4,4.7,107.93,3.2,27
2026-03-14T16:46:06.752Z,normal,rl,4,20266869,6,180,38.6,3.7,103.04,28.1,29
2026-03-14T16:46:06.758Z,normal,traditional,5,20266966,6,180,43.6,2.3,81.41,18.8,27
2026-03-14T16:46:06.763Z,normal,ai,5,20266966,6,180,25.1,6.7,107.28,2.5,24
2026-03-14T16:46:06.768Z,normal,rl,5,20266966,6,180,23.4,5.3,93.53,87.6,24
2026-03-14T16:46:06.773Z,normal,traditional,6,20267063,6,180,64.8,2,93.01,0,29
2026-03-14T16:46:06.778Z,normal,ai,6,20267063,6,180,31.5,6,114.66,0,25
2026-03-14T16:46:06.783Z,normal,rl,6,20267063,6,180,33.1,6.3,119.68,32.8,22
2026-03-14T16:46:06.795Z,rush_hour,traditional,1,20366578,6,180,80.5,1,238.99,0,139
2026-03-14T16:46:06.806Z,rush_hour,ai,1,20366578,6,180,23.9,7.7,305.67,2.7,131
2026-03-14T16:46:06.817Z,rush_hour,rl,1,20366578,6,180,22.1,5,256.91,16,136
2026-03-14T16:46:06.829Z,rush_hour,traditional,2,20366675,6,180,55.6,2,248.05,0,137
2026-03-14T16:46:06.841Z,rush_hour,ai,2,20366675,6,180,19,8.7,263.95,2.7,128
2026-03-14T16:46:06.853Z,rush_hour,rl,2,20366675,6,180,14.9,8.7,256.78,21.2,130
2026-03-14T16:46:06.863Z,rush_hour,traditional,3,20366772,6,180,47.2,1,228.25,0,140
2026-03-14T16:46:06.874Z,rush_hour,ai,3,20366772,6,180,26.1,6.3,277.4,3.2,133
2026-03-14T16:46:06.885Z,rush_hour,rl,3,20366772,6,180,21.7,4,243.91,37,137
2026-03-14T16:46:06.896Z,rush_hour,traditional,4,20366869,6,180,33.1,2,236.64,0,137
2026-03-14T16:46:06.908Z,rush_hour,ai,4,20366869,6,180,18.9,5.7,257.7,2.9,133
2026-03-14T16:46:06.920Z,rush_hour,rl,4,20366869,6,180,19.7,6,264.29,0,133
2026-03-14T16:46:06.931Z,rush_hour,traditional,5,20366966,6,180,50.4,1.7,235.14,0,135
2026-03-14T16:46:06.942Z,rush_hour,ai,5,20366966,6,180,12.7,6.7,252.99,2.6,131
2026-03-14T16:46:06.954Z,rush_hour,rl,5,20366966,6,180,20.2,7,257.56,20.6,131
2026-03-14T16:46:06.965Z,rush_hour,traditional,6,20367063,6,180,54.5,2.7,267.81,84.6,138
2026-03-14T16:46:06.976Z,rush_hour,ai,6,20367063,6,180,19.7,8.3,276.79,3.1,128
2026-03-14T16:46:06.988Z,rush_hour,rl,6,20367063,6,180,25.3,4.7,255.56,23.8,136
2026-03-14T16:46:06.996Z,accident,traditional,1,20466578,6,180,61.6,1,84.05,65.4,35
2026-03-14T16:46:07.003Z,accident,ai,1,20466578,6,180,27.6,4.7,130.88,3.1,34
2026-03-14T16:46:07.009Z,accident,rl,1,20466578,6,180,34.7,5.3,130.33,42.1,32
2026-03-14T16:46:07.015Z,accident,traditional,2,20466675,6,180,53.8,3.3,124.92,78.6,34
2026-03-14T16:46:07.020Z,accident,ai,2,20466675,6,180,23.9,7.3,132.06,12.7,31
2026-03-14T16:46:07.026Z,accident,rl,2,20466675,6,180,30.6,5.3,117.74,21.1,32
2026-03-14T16:46:07.030Z,accident,traditional,3,20466772,6,180,66.9,1.3,90.65,0,38
2026-03-14T16:46:07.034Z,accident,ai,3,20466772,6,180,19.1,3.7,101.23,3.4,37
2026-03-14T16:46:07.039Z,accident,rl,3,20466772,6,180,26,3.3,92.54,38.4,35
2026-03-14T16:46:07.044Z,accident,traditional,4,20466869,6,180,54.9,1,75.07,0,36
2026-03-14T16:46:07.048Z,accident,ai,4,20466869,6,180,20.8,4,91.44,3.4,36
2026-03-14T16:46:07.053Z,accident,rl,4,20466869,6,180,36.3,3,100.25,34.9,35
2026-03-14T16:46:07.060Z,accident,traditional,5,20466966,6,180,44.5,1.7,85.18,10.8,37
2026-03-14T16:46:07.065Z,accident,ai,5,20466966,6,180,22.2,6,105.83,4.9,31
2026-03-14T16:46:07.073Z,accident,rl,5,20466966,6,180,51.9,3.7,125,0,34
2026-03-14T16:46:07.078Z,accident,traditional,6,20467063,6,180,52.2,2.3,99.79,0,35
2026-03-14T16:46:07.083Z,accident,ai,6,20467063,6,180,27.5,5,105.65,2.8,32
2026-03-14T16:46:07.088Z,accident,rl,6,20467063,6,180,32.1,3.7,98.91,40,33
2026-03-14T16:46:07.094Z,emergency,traditional,1,20566578,6,180,60.8,2.3,114.34,61.8,35
2026-03-14T16:46:07.099Z,emergency,ai,1,20566578,6,180,16,9.3,139.12,2.7,27
2026-03-14T16:46:07.105Z,emergency,rl,1,20566578,6,180,43.6,4,128.49,32.4,35
2026-03-14T16:46:07.110Z,emergency,traditional,2,20566675,6,180,42.8,1.3,89.3,0,34
2026-03-14T16:46:07.115Z,emergency,ai,2,20566675,6,180,17.3,9.7,124.73,2.8,25
2026-03-14T16:46:07.120Z,emergency,rl,2,20566675,6,180,30.8,4.3,112.68,24.3,34
2026-03-14T16:46:07.127Z,emergency,traditional,3,20566772,6,180,69.4,3,142.43,75.8,33
2026-03-14T16:46:07.133Z,emergency,ai,3,20566772,6,180,23.3,9.7,149.6,3,26
2026-03-14T16:46:07.139Z,emergency,rl,3,20566772,6,180,28.5,5.7,126.79,28,31
2026-03-14T16:46:07.146Z,emergency,traditional,4,20566869,6,180,62.1,3.3,127.91,32.1,30
2026-03-14T16:46:07.151Z,emergency,ai,4,20566869,6,180,14.6,6.3,100.13,2.4,31
2026-03-14T16:46:07.157Z,emergency,rl,4,20566869,6,180,26,5.7,118.45,32,31
2026-03-14T16:46:07.163Z,emergency,traditional,5,20566966,6,180,72.8,2,112.71,67.6,33
2026-03-14T16:46:07.168Z,emergency,ai,5,20566966,6,180,12,10,101.21,2.9,26
2026-03-14T16:46:07.174Z,emergency,rl,5,20566966,6,180,28.5,5.7,145.68,25.6,34
2026-03-14T16:46:07.180Z,emergency,traditional,6,20567063,6,180,74.4,2.7,135.3,122.2,35
2026-03-14T16:46:07.184Z,emergency,ai,6,20567063,6,180,19.7,9.3,135.5,2.9,28
2026-03-14T16:46:07.190Z,emergency,rl,6,20567063,6,180,21.2,4,88.74,31.2,33
2026-03-14T16:46:07.198Z,normal,traditional,1,20266638,6,240,44.9,2,106.37,0,40
2026-03-14T16:46:07.205Z,normal,ai,1,20266638,6,240,31.9,7.5,177.83,3,29
2026-03-14T16:46:07.212Z,normal,rl,1,20266638,6,240,29.3,5.3,143.88,0,33
2026-03-14T16:46:07.222Z,normal,traditional,2,20266735,6,240,62.6,3.5,182.64,0,36
2026-03-14T16:46:07.230Z,normal,ai,2,20266735,6,240,29,6.3,153.53,3.1,33
2026-03-14T16:46:07.238Z,normal,rl,2,20266735,6,240,31.9,4.3,132.68,0,36
2026-03-14T16:46:07.247Z,normal,traditional,3,20266832,6,240,75.5,3,223.64,0,38
2026-03-14T16:46:07.255Z,normal,ai,3,20266832,6,240,33.7,3,132.6,2.8,38
2026-03-14T16:46:07.263Z,normal,rl,3,20266832,6,240,39.2,4.3,148.41,34.3,36
2026-03-14T16:46:07.271Z,normal,traditional,4,20266929,6,240,83.6,1.8,134.75,0,41
2026-03-14T16:46:07.278Z,normal,ai,4,20266929,6,240,30.4,6.3,158.77,3.5,32
2026-03-14T16:46:07.285Z,normal,rl,4,20266929,6,240,37.6,4.3,152.02,97.8,36
2026-03-14T16:46:07.291Z,normal,traditional,5,20267026,6,240,68.8,2,138.02,137,40
2026-03-14T16:46:07.297Z,normal,ai,5,20267026,6,240,23.2,6.3,139.9,2.7,31
2026-03-14T16:46:07.303Z,normal,rl,5,20267026,6,240,43.6,5.5,197.4,0,35
2026-03-14T16:46:07.311Z,normal,traditional,6,20267123,6,240,86.4,2,145.26,0,39
2026-03-14T16:46:07.317Z,normal,ai,6,20267123,6,240,39.9,3.8,144.19,2.8,39
2026-03-14T16:46:07.325Z,normal,rl,6,20267123,6,240,36.9,5.8,170.21,42.5,35
2026-03-14T16:46:07.343Z,rush_hour,traditional,1,20366638,6,240,59.5,3,373.08,59.7,181
2026-03-14T16:46:07.361Z,rush_hour,ai,1,20366638,6,240,17.5,8.8,379.44,2.9,175
2026-03-14T16:46:07.379Z,rush_hour,rl,1,20366638,6,240,20.8,6.8,353.17,52.4,176
2026-03-14T16:46:07.396Z,rush_hour,traditional,2,20366735,6,240,49.4,2.8,347.24,0,185
2026-03-14T16:46:07.413Z,rush_hour,ai,2,20366735,6,240,19.4,9.5,370.04,2.9,174
2026-03-14T16:46:07.429Z,rush_hour,rl,2,20366735,6,240,26.9,5.8,356.98,25.5,180
2026-03-14T16:46:07.445Z,rush_hour,traditional,3,20366832,6,240,38.3,2.5,332.77,0,187
2026-03-14T16:46:07.461Z,rush_hour,ai,3,20366832,6,240,22,5.5,351.83,3.2,182
2026-03-14T16:46:07.476Z,rush_hour,rl,3,20366832,6,240,20.1,5.8,333.23,23.4,178
2026-03-14T16:46:07.492Z,rush_hour,traditional,4,20366929,6,240,34.6,1.8,309.68,0,185
2026-03-14T16:46:07.507Z,rush_hour,ai,4,20366929,6,240,22.7,8,400.58,2.8,176
2026-03-14T16:46:07.524Z,rush_hour,rl,4,20366929,6,240,22.2,4.8,336.75,25.3,182
2026-03-14T16:46:07.539Z,rush_hour,traditional,5,20367026,6,240,44.1,2.3,325.99,0,183
2026-03-14T16:46:07.554Z,rush_hour,ai,5,20367026,6,240,23.9,6.5,363.66,2.9,180
2026-03-14T16:46:07.570Z,rush_hour,rl,5,20367026,6,240,21,4.5,331.48,24.4,182
2026-03-14T16:46:07.587Z,rush_hour,traditional,6,20367123,6,240,41.4,2.8,358.88,11.7,187
2026-03-14T16:46:07.603Z,rush_hour,ai,6,20367123,6,240,15.8,6.5,334.55,2.6,176
2026-03-14T16:46:07.620Z,rush_hour,rl,6,20367123,6,240,15.8,5.8,337.07,2,180
2026-03-14T16:46:07.626Z,accident,traditional,1,20466638,6,240,39.6,1.3,104,0,52
2026-03-14T16:46:07.632Z,accident,ai,1,20466638,6,240,32.1,5.3,175.7,5.2,46
2026-03-14T16:46:07.639Z,accident,rl,1,20466638,6,240,32.3,2.8,133.72,23.3,48
2026-03-14T16:46:07.646Z,accident,traditional,2,20466735,6,240,90.1,1.8,161.29,69.2,52
2026-03-14T16:46:07.653Z,accident,ai,2,20466735,6,240,26.5,5.5,158.95,9.8,45
2026-03-14T16:46:07.659Z,accident,rl,2,20466735,6,240,34.1,3.5,171.77,0,50
2026-03-14T16:46:07.666Z,accident,traditional,3,20466832,6,240,42.5,2.3,126.11,49.4,49
2026-03-14T16:46:07.673Z,accident,ai,3,20466832,6,240,23.9,6,144.89,3.1,42
2026-03-14T16:46:07.679Z,accident,rl,3,20466832,6,240,28,2.5,114.05,40.8,49
2026-03-14T16:46:07.688Z,accident,traditional,4,20466929,6,240,61.4,2.3,151.63,73.8,51
2026-03-14T16:46:07.695Z,accident,ai,4,20466929,6,240,31.2,4.8,150.34,2.6,46
2026-03-14T16:46:07.702Z,accident,rl,4,20466929,6,240,18.9,4.8,118.22,39.6,43
2026-03-14T16:46:07.712Z,accident,traditional,5,20467026,6,240,78.8,1.5,141.75,96.8,51
2026-03-14T16:46:07.720Z,accident,ai,5,20467026,6,240,25.7,5.5,149.11,3.3,45
2026-03-14T16:46:07.729Z,accident,rl,5,20467026,6,240,34.2,3.8,143.15,30.9,46
2026-03-14T16:46:07.737Z,accident,traditional,6,20467123,6,240,76.5,2.8,192.88,85.7,51
2026-03-14T16:46:07.743Z,accident,ai,6,20467123,6,240,20.4,4,118.82,3,47
2026-03-14T16:46:07.751Z,accident,rl,6,20467123,6,240,33,4,150.9,46.4,48
2026-03-14T16:46:07.760Z,emergency,traditional,1,20566638,6,240,60.3,2,144.91,45.7,50
2026-03-14T16:46:07.769Z,emergency,ai,1,20566638,6,240,22.9,9,185.43,2.8,37
2026-03-14T16:46:07.777Z,emergency,rl,1,20566638,6,240,40.3,5,189.04,38.3,46
2026-03-14T16:46:07.787Z,emergency,traditional,2,20566735,6,240,78.9,3.5,228.56,67.4,46
2026-03-14T16:46:07.795Z,emergency,ai,2,20566735,6,240,22.7,10.3,197.96,2.7,36
2026-03-14T16:46:07.803Z,emergency,rl,2,20566735,6,240,28.6,4.5,151.9,26.3,45
2026-03-14T16:46:07.811Z,emergency,traditional,3,20566832,6,240,67,3,197.02,72.7,49
2026-03-14T16:46:07.818Z,emergency,ai,3,20566832,6,240,16.1,8.5,155.31,2.9,39
2026-03-14T16:46:07.826Z,emergency,rl,3,20566832,6,240,41,5.3,191.22,47.4,44
2026-03-14T16:46:07.834Z,emergency,traditional,4,20566929,6,240,45.4,2,132.14,54.9,50
2026-03-14T16:46:07.841Z,emergency,ai,4,20566929,6,240,14.3,8.3,141.8,2.7,40
2026-03-14T16:46:07.849Z,emergency,rl,4,20566929,6,240,33,5.8,199.52,46.5,42
2026-03-14T16:46:07.858Z,emergency,traditional,5,20567026,6,240,73,2.3,178.37,103.4,51
2026-03-14T16:46:07.866Z,emergency,ai,5,20567026,6,240,20.2,9.5,168.22,2.7,36
2026-03-14T16:46:07.875Z,emergency,rl,5,20567026,6,240,30.8,5.8,197.99,40.2,43
2026-03-14T16:46:07.884Z,emergency,traditional,6,20567123,6,240,70.4,3.8,221.67,49.6,46
2026-03-14T16:46:07.892Z,emergency,ai,6,20567123,6,240,24.3,7.8,189.53,2.6,40
2026-03-14T16:46:07.899Z,emergency,rl,6,20567123,6,240,26.1,5.5,155.85,20.7,44
2026-03-14T16:46:07.905Z,normal,traditional,1,20268518,8,120,49.2,0.5,27.56,0,14
2026-03-14T16:46:07.911Z,normal,ai,1,20268518,8,120,42.6,4,67.26,3.6,14
2026-03-14T16:46:07.916Z,normal,rl,1,20268518,8,120,47,4.5,91.5,0,14
2026-03-14T16:46:07.920Z,normal,traditional,2,20268615,8,120,0,0,25.5,0,17
2026-03-14T16:46:07.925Z,normal,ai,2,20268615,8,120,28.9,5,63.8,4.7,14
2026-03-14T16:46:07.930Z,normal,rl,2,20268615,8,120,38.6,3,53.8,0,15
2026-03-14T16:46:07.936Z,normal,traditional,3,20268712,8,120,80.4,1,40.18,0,13
2026-03-14T16:46:07.942Z,normal,ai,3,20268712,8,120,56.7,3,65.6,0,14
2026-03-14T16:46:07.948Z,normal,rl,3,20268712,8,120,36.2,3.5,78.18,98,15
2026-03-14T16:46:07.955Z,normal,traditional,4,20268809,8,120,29.6,0.5,20.59,0,11
2026-03-14T16:46:07.962Z,normal,ai,4,20268809,8,120,53.2,3.5,70.16,4.8,14
2026-03-14T16:46:07.968Z,normal,rl,4,20268809,8,120,42.1,2,51.37,50.8,15
2026-03-14T16:46:07.973Z,normal,traditional,5,20268906,8,120,0,0,24,0,16
2026-03-14T16:46:07.978Z,normal,ai,5,20268906,8,120,46.5,5,82.14,3.6,13
2026-03-14T16:46:07.982Z,normal,rl,5,20268906,8,120,28.2,3,48.08,0,16
2026-03-14T16:46:07.988Z,normal,traditional,6,20269003,8,120,0,0,22.5,0,15
2026-03-14T16:46:07.993Z,normal,ai,6,20269003,8,120,26.4,3.5,55.25,2.8,13
2026-03-14T16:46:07.998Z,normal,rl,6,20269003,8,120,31.4,3,46.97,0,14
2026-03-14T16:46:08.013Z,rush_hour,traditional,1,20368518,8,120,62.2,1,139.25,0,82
2026-03-14T16:46:08.027Z,rush_hour,ai,1,20368518,8,120,38.5,4,168.51,4.8,84
2026-03-14T16:46:08.041Z,rush_hour,rl,1,20368518,8,120,51.2,2,157.3,0,87
2026-03-14T16:46:08.055Z,rush_hour,traditional,2,20368615,8,120,79,1,146.04,0,84
2026-03-14T16:46:08.069Z,rush_hour,ai,2,20368615,8,120,28.3,2.5,147.73,3.6,85
2026-03-14T16:46:08.083Z,rush_hour,rl,2,20368615,8,120,36.2,3,158.3,0,86
2026-03-14T16:46:08.097Z,rush_hour,traditional,3,20368712,8,120,0,0,126,0,84
2026-03-14T16:46:08.113Z,rush_hour,ai,3,20368712,8,120,31.4,5.5,186.88,4.2,83
2026-03-14T16:46:08.131Z,rush_hour,rl,3,20368712,8,120,54.2,3.5,177.73,58.8,83
2026-03-14T16:46:08.145Z,rush_hour,traditional,4,20368809,8,120,37,0.5,130.98,0,84
2026-03-14T16:46:08.158Z,rush_hour,ai,4,20368809,8,120,30.9,2.5,158.59,4,87
2026-03-14T16:46:08.173Z,rush_hour,rl,4,20368809,8,120,19.4,2,133.03,0,81
2026-03-14T16:46:08.189Z,rush_hour,traditional,5,20368906,8,120,76,0.5,131.1,0,81
2026-03-14T16:46:08.204Z,rush_hour,ai,5,20368906,8,120,28.2,4.5,167.38,3.8,87
2026-03-14T16:46:08.220Z,rush_hour,rl,5,20368906,8,120,38.9,5.5,182.1,0,83
2026-03-14T16:46:08.233Z,rush_hour,traditional,6,20369003,8,120,0,0,132,0,88
2026-03-14T16:46:08.245Z,rush_hour,ai,6,20369003,8,120,31.7,3.5,168.33,3.5,83
2026-03-14T16:46:08.260Z,rush_hour,rl,6,20369003,8,120,46.7,4,172.61,0,82
2026-03-14T16:46:08.265Z,accident,traditional,1,20468518,8,120,0,0,31.5,0,21
2026-03-14T16:46:08.270Z,accident,ai,1,20468518,8,120,0,1.5,33.51,4.8,20
2026-03-14T16:46:08.275Z,accident,rl,1,20468518,8,120,72.2,1.5,60.91,0,22
2026-03-14T16:46:08.281Z,accident,traditional,2,20468615,8,120,0,0,22.5,0,15
2026-03-14T16:46:08.287Z,accident,ai,2,20468615,8,120,24.1,4,56.09,3.4,18
2026-03-14T16:46:08.293Z,accident,rl,2,20468615,8,120,44,2,58.12,0,23
2026-03-14T16:46:08.299Z,accident,traditional,3,20468712,8,120,0,0,25.5,0,17
2026-03-14T16:46:08.305Z,accident,ai,3,20468712,8,120,43.5,4.5,82.82,7.4,19
2026-03-14T16:46:08.312Z,accident,rl,3,20468712,8,120,64.5,1.5,58.57,0,22
2026-03-14T16:46:08.316Z,accident,traditional,4,20468809,8,120,68.6,0.5,40.21,0,21
2026-03-14T16:46:08.321Z,accident,ai,4,20468809,8,120,70.4,1,49.42,0,21
2026-03-14T16:46:08.326Z,accident,rl,4,20468809,8,120,29.1,2.5,53.25,23,20
2026-03-14T16:46:08.333Z,accident,traditional,5,20468906,8,120,0,0,27,0,18
2026-03-14T16:46:08.339Z,accident,ai,5,20468906,8,120,47.6,3,70.45,3.8,21
2026-03-14T16:46:08.345Z,accident,rl,5,20468906,8,120,28.7,1,39.47,0,21
2026-03-14T16:46:08.350Z,accident,traditional,6,20469003,8,120,0,0,33,0,22
2026-03-14T16:46:08.354Z,accident,ai,6,20469003,8,120,36.1,4,80.11,2.9,19
2026-03-14T16:46:08.359Z,accident,rl,6,20469003,8,120,35.5,2.5,49.57,0,17
2026-03-14T16:46:08.366Z,emergency,traditional,1,20568518,8,120,46.8,0.5,43.81,0,17
2026-03-14T16:46:08.372Z,emergency,ai,1,20568518,8,120,14.3,6.5,64.74,3.8,17
2026-03-14T16:46:08.378Z,emergency,rl,1,20568518,8,120,38.7,3.5,75.11,60,21
2026-03-14T16:46:08.385Z,emergency,traditional,2,20568615,8,120,40.2,0.5,36.82,44.6,19
2026-03-14T16:46:08.390Z,emergency,ai,2,20568615,8,120,17,3.5,48.6,4.4,19
2026-03-14T16:46:08.396Z,emergency,rl,2,20568615,8,120,45.7,1.5,53.09,41.5,20
2026-03-14T16:46:08.404Z,emergency,traditional,3,20568712,8,120,0,0,27,0,18
2026-03-14T16:46:08.410Z,emergency,ai,3,20568712,8,120,21.7,5,62.3,3.7,19
2026-03-14T16:46:08.416Z,emergency,rl,3,20568712,8,120,45.1,3.5,95.48,82.5,22
2026-03-14T16:46:08.422Z,emergency,traditional,4,20568809,8,120,0,0,27,0,18
2026-03-14T16:46:08.427Z,emergency,ai,4,20568809,8,120,9.8,8,57.23,4.2,16
2026-03-14T16:46:08.433Z,emergency,rl,4,20568809,8,120,44.9,4,81.44,53.3,16
2026-03-14T16:46:08.438Z,emergency,traditional,5,20568906,8,120,0,0,31.5,0,21
2026-03-14T16:46:08.442Z,emergency,ai,5,20568906,8,120,4,6.5,45.06,4.1,18
2026-03-14T16:46:08.448Z,emergency,rl,5,20568906,8,120,60.1,4,97.3,75.1,17
2026-03-14T16:46:08.456Z,emergency,traditional,6,20569003,8,120,0,0,22.5,0,15
2026-03-14T16:46:08.463Z,emergency,ai,6,20569003,8,120,20.3,7.5,69.58,3.8,14
2026-03-14T16:46:08.471Z,emergency,rl,6,20569003,8,120,57.7,3,80.7,91.7,16
2026-03-14T16:46:08.482Z,normal,traditional,1,20268578,8,180,122,1.7,176.05,0,26
2026-03-14T16:46:08.492Z,normal,ai,1,20268578,8,180,57.9,3.7,145.42,4,25
2026-03-14T16:46:08.503Z,normal,rl,1,20268578,8,180,42.2,4.3,111.17,46.2,23
2026-03-14T16:46:08.512Z,normal,traditional,2,20268675,8,180,143.6,0.3,60.07,0,28
2026-03-14T16:46:08.521Z,normal,ai,2,20268675,8,180,40.4,4.7,110.63,3.7,22
2026-03-14T16:46:08.530Z,normal,rl,2,20268675,8,180,52.1,4,123.71,21.8,26
2026-03-14T16:46:08.540Z,normal,traditional,3,20268772,8,180,70.9,1.3,76.75,0,27
2026-03-14T16:46:08.549Z,normal,ai,3,20268772,8,180,49.1,3.3,102.64,3,25
2026-03-14T16:46:08.558Z,normal,rl,3,20268772,8,180,42.8,3.3,92.95,0,24
2026-03-14T16:46:08.571Z,normal,traditional,4,20268869,8,180,80.4,1.7,91,88.4,23
2026-03-14T16:46:08.582Z,normal,ai,4,20268869,8,180,46.9,6,151.42,3.6,25
2026-03-14T16:46:08.595Z,normal,rl,4,20268869,8,180,62.6,3,111.15,34.8,24
2026-03-14T16:46:08.606Z,normal,traditional,5,20268966,8,180,72.1,1,64.91,0,25
2026-03-14T16:46:08.615Z,normal,ai,5,20268966,8,180,47.6,4.3,120.06,5.2,25
2026-03-14T16:46:08.625Z,normal,rl,5,20268966,8,180,51.1,6,157.78,0,22
2026-03-14T16:46:08.636Z,normal,traditional,6,20269063,8,180,137.4,0.3,56.21,0,26
2026-03-14T16:46:08.646Z,normal,ai,6,20269063,8,180,46.1,3.7,108.16,3.5,26
2026-03-14T16:46:08.656Z,normal,rl,6,20269063,8,180,45.3,3.7,104.69,0,26
2026-03-14T16:46:08.678Z,rush_hour,traditional,1,20368578,8,180,70.5,1.7,263.97,69.2,131
2026-03-14T16:46:08.699Z,rush_hour,ai,1,20368578,8,180,29.2,5.7,266.69,4.2,130
2026-03-14T16:46:08.722Z,rush_hour,rl,1,20368578,8,180,52.7,4.7,307.53,61.6,135
2026-03-14T16:46:08.745Z,rush_hour,traditional,2,20368675,8,180,99,2,285.35,136.2,135
2026-03-14T16:46:08.766Z,rush_hour,ai,2,20368675,8,180,28.1,5.3,264.06,3.7,129
2026-03-14T16:46:08.789Z,rush_hour,rl,2,20368675,8,180,48.3,5.7,306.83,91,129
2026-03-14T16:46:08.813Z,rush_hour,traditional,3,20368772,8,180,99.1,1,246.02,0,139
2026-03-14T16:46:08.836Z,rush_hour,ai,3,20368772,8,180,46.9,6,309.92,4,131
2026-03-14T16:46:08.857Z,rush_hour,rl,3,20368772,8,180,33,4.3,259.36,46.6,132
2026-03-14T16:46:08.885Z,rush_hour,traditional,4,20368869,8,180,73.4,1.7,240.58,0,129
2026-03-14T16:46:08.913Z,rush_hour,ai,4,20368869,8,180,41.4,6.7,336.13,3.3,129
2026-03-14T16:46:08.940Z,rush_hour,rl,4,20368869,8,180,27.6,1.7,221.78,0,135
2026-03-14T16:46:08.962Z,rush_hour,traditional,5,20368966,8,180,73.9,2,275.37,0,132
2026-03-14T16:46:08.983Z,rush_hour,ai,5,20368966,8,180,23.1,4.3,256.17,3.5,133
2026-03-14T16:46:09.006Z,rush_hour,rl,5,20368966,8,180,47.6,4.3,274.25,56.6,126
2026-03-14T16:46:09.027Z,rush_hour,traditional,6,20369063,8,180,72.2,1,230.41,0,135
2026-03-14T16:46:09.048Z,rush_hour,ai,6,20369063,8,180,20.3,7.7,266.07,4,128
2026-03-14T16:46:09.069Z,rush_hour,rl,6,20369063,8,180,39.3,4.3,286.9,0,132
2026-03-14T16:46:09.080Z,accident,traditional,1,20468578,8,180,78.7,1,85.43,44.2,35
2026-03-14T16:46:09.090Z,accident,ai,1,20468578,8,180,35.9,6,138.26,4.7,31
2026-03-14T16:46:09.101Z,accident,rl,1,20468578,8,180,48.5,3.7,119.68,68,30
2026-03-14T16:46:09.111Z,accident,traditional,2,20468675,8,180,93.4,1.7,111.25,93.8,31
2026-03-14T16:46:09.120Z,accident,ai,2,20468675,8,180,44.4,5,170.1,5.2,32
2026-03-14T16:46:09.131Z,accident,rl,2,20468675,8,180,47.9,4.7,178.77,85.4,29
2026-03-14T16:46:09.141Z,accident,traditional,3,20468772,8,180,0,0,52.5,0,35
2026-03-14T16:46:09.150Z,accident,ai,3,20468772,8,180,28.3,5,110.05,4.9,31
2026-03-14T16:46:09.161Z,accident,rl,3,20468772,8,180,69.2,2.3,111.49,0,33
2026-03-14T16:46:09.175Z,accident,traditional,4,20468869,8,180,95.4,1.7,106.64,0,31
2026-03-14T16:46:09.187Z,accident,ai,4,20468869,8,180,39.6,5.7,158.78,4.4,30
2026-03-14T16:46:09.199Z,accident,rl,4,20468869,8,180,59.7,2.7,113.48,0,34
2026-03-14T16:46:09.208Z,accident,traditional,5,20468966,8,180,120.8,0.7,79.69,0,33
2026-03-14T16:46:09.217Z,accident,ai,5,20468966,8,180,50.1,4.7,157.59,5.7,32
2026-03-14T16:46:09.226Z,accident,rl,5,20468966,8,180,52.8,4.7,150.73,38.2,33
2026-03-14T16:46:09.240Z,accident,traditional,6,20469063,8,180,100.6,1,116.53,0,35
2026-03-14T16:46:09.251Z,accident,ai,6,20469063,8,180,30.8,6,122.89,4.4,28
2026-03-14T16:46:09.262Z,accident,rl,6,20469063,8,180,52.9,2.3,99.54,0,34
2026-03-14T16:46:09.272Z,emergency,traditional,1,20568578,8,180,87.9,1.3,101.55,93,34
2026-03-14T16:46:09.281Z,emergency,ai,1,20568578,8,180,23.4,7.7,126.67,4.4,27
2026-03-14T16:46:09.292Z,emergency,rl,1,20568578,8,180,53.7,5,177.95,60.1,31
2026-03-14T16:46:09.305Z,emergency,traditional,2,20568675,8,180,82.6,2,130.28,72.8,30
2026-03-14T16:46:09.315Z,emergency,ai,2,20568675,8,180,38.4,10,257.71,3.8,24
2026-03-14T16:46:09.327Z,emergency,rl,2,20568675,8,180,47,4,165.23,39.9,32
2026-03-14T16:46:09.341Z,emergency,traditional,3,20568772,8,180,107.2,1.7,122.62,147.4,31
2026-03-14T16:46:09.353Z,emergency,ai,3,20568772,8,180,31.4,8.7,156.08,4.6,25
2026-03-14T16:46:09.366Z,emergency,rl,3,20568772,8,180,60.6,3.3,141.97,59.1,27
2026-03-14T16:46:09.381Z,emergency,traditional,4,20568869,8,180,92.7,2.3,135.92,149.4,30
2026-03-14T16:46:09.393Z,emergency,ai,4,20568869,8,180,31.4,9.3,175.85,3.5,24
2026-03-14T16:46:09.405Z,emergency,rl,4,20568869,8,180,40.5,3.7,143.32,48.2,31
2026-03-14T16:46:09.416Z,emergency,traditional,5,20568966,8,180,115.9,1,99.16,0,37
2026-03-14T16:46:09.426Z,emergency,ai,5,20568966,8,180,24.2,10,148.7,3.8,25
2026-03-14T16:46:09.437Z,emergency,rl,5,20568966,8,180,58.3,2.3,120.72,42.6,32
2026-03-14T16:46:09.450Z,emergency,traditional,6,20569063,8,180,71.9,3,137.94,55.3,30
2026-03-14T16:46:09.462Z,emergency,ai,6,20569063,8,180,20.3,8.7,135.3,3.8,27
2026-03-14T16:46:09.474Z,emergency,rl,6,20569063,8,180,51.3,3.7,137.67,57.9,28
2026-03-14T16:46:09.493Z,normal,traditional,1,20268638,8,240,122.8,2.3,190.62,0,35
2026-03-14T16:46:09.509Z,normal,ai,1,20268638,8,240,55,5.8,208.57,3.9,28
2026-03-14T16:46:09.525Z,normal,rl,1,20268638,8,240,51.5,4,170.77,57.2,37
2026-03-14T16:46:09.540Z,normal,traditional,2,20268735,8,240,128.3,2.8,239.73,92.2,35
2026-03-14T16:46:09.553Z,normal,ai,2,20268735,8,240,46.8,4.5,164.57,3.4,35
2026-03-14T16:46:09.569Z,normal,rl,2,20268735,8,240,62.1,5.3,220.13,0,34
2026-03-14T16:46:09.586Z,normal,traditional,3,20268832,8,240,127.4,1.8,164.05,0,35
2026-03-14T16:46:09.600Z,normal,ai,3,20268832,8,240,46.1,4.5,168.54,3.7,32
2026-03-14T16:46:09.615Z,normal,rl,3,20268832,8,240,49.7,5,191.78,54.3,31
2026-03-14T16:46:09.636Z,normal,traditional,4,20268929,8,240,134.5,2,253.19,0,35
2026-03-14T16:46:09.653Z,normal,ai,4,20268929,8,240,44.8,5.5,200.62,4.1,34
2026-03-14T16:46:09.669Z,normal,rl,4,20268929,8,240,65.3,2.8,203.32,77.8,39
2026-03-14T16:46:09.685Z,normal,traditional,5,20269026,8,240,103.1,3,212.2,62.2,35
2026-03-14T16:46:09.699Z,normal,ai,5,20269026,8,240,57.7,5.5,214.44,4,32
2026-03-14T16:46:09.713Z,normal,rl,5,20269026,8,240,48.3,3.3,165,0,37
2026-03-14T16:46:09.730Z,normal,traditional,6,20269123,8,240,128.8,1.8,223.12,0,34
2026-03-14T16:46:09.745Z,normal,ai,6,20269123,8,240,42.8,3,124.85,3.8,37
2026-03-14T16:46:09.759Z,normal,rl,6,20269123,8,240,48.9,3.8,156.6,47.1,34
2026-03-14T16:46:09.795Z,rush_hour,traditional,1,20368638,8,240,105.2,0.8,312.61,0,182
2026-03-14T16:46:09.826Z,rush_hour,ai,1,20368638,8,240,29.6,7.8,390.02,3.8,172
2026-03-14T16:46:09.860Z,rush_hour,rl,1,20368638,8,240,55.7,4.8,408.37,40.5,177
2026-03-14T16:46:09.893Z,rush_hour,traditional,2,20368735,8,240,118.2,1,338.52,0,186
2026-03-14T16:46:09.923Z,rush_hour,ai,2,20368735,8,240,31.7,5,378.16,4.7,181
2026-03-14T16:46:09.955Z,rush_hour,rl,2,20368735,8,240,34.2,3.3,335.67,49.8,181
2026-03-14T16:46:09.988Z,rush_hour,traditional,3,20368832,8,240,78.7,3.8,428.02,98.2,177
2026-03-14T16:46:10.018Z,rush_hour,ai,3,20368832,8,240,33.8,9,436.92,3.6,175
2026-03-14T16:46:10.050Z,rush_hour,rl,3,20368832,8,240,39.7,4.5,365.38,14.6,179
2026-03-14T16:46:10.087Z,rush_hour,traditional,4,20368929,8,240,113.5,1.5,356.62,0,181
2026-03-14T16:46:10.122Z,rush_hour,ai,4,20368929,8,240,45.3,7,449.96,3.2,177
2026-03-14T16:46:10.155Z,rush_hour,rl,4,20368929,8,240,48.9,4.5,382.87,0,178
2026-03-14T16:46:10.192Z,rush_hour,traditional,5,20369026,8,240,105.2,2.3,404.26,90,183
2026-03-14T16:46:10.223Z,rush_hour,ai,5,20369026,8,240,28.2,7.3,380.15,4,175
2026-03-14T16:46:10.258Z,rush_hour,rl,5,20369026,8,240,36.8,5,382.37,66.5,180
2026-03-14T16:46:10.293Z,rush_hour,traditional,6,20369123,8,240,105.9,2,382.01,139,178
2026-03-14T16:46:10.324Z,rush_hour,ai,6,20369123,8,240,32.1,5,381.9,3.9,179
2026-03-14T16:46:10.358Z,rush_hour,rl,6,20369123,8,240,41.8,5.3,388.86,18.6,179
2026-03-14T16:46:10.373Z,accident,traditional,1,20468638,8,240,113.5,1.5,170.38,122.7,47
2026-03-14T16:46:10.386Z,accident,ai,1,20468638,8,240,30,6,160.72,3.6,38
2026-03-14T16:46:10.401Z,accident,rl,1,20468638,8,240,57.1,2.8,151.96,71,44
2026-03-14T16:46:10.418Z,accident,traditional,2,20468735,8,240,141.8,0.8,130.91,0,52
2026-03-14T16:46:10.432Z,accident,ai,2,20468735,8,240,47.8,4,194.35,3.8,47
2026-03-14T16:46:10.448Z,accident,rl,2,20468735,8,240,50.9,3.5,168.02,29,46
2026-03-14T16:46:10.463Z,accident,traditional,3,20468832,8,240,100.4,1,138.67,119.3,49
2026-03-14T16:46:10.478Z,accident,ai,3,20468832,8,240,35.4,6.5,191.08,4.3,41
2026-03-14T16:46:10.493Z,accident,rl,3,20468832,8,240,49.9,2,131.91,0,47
2026-03-14T16:46:10.506Z,accident,traditional,4,20468929,8,240,129.1,0.8,125,0,51
2026-03-14T16:46:10.518Z,accident,ai,4,20468929,8,240,44.1,5.8,204.26,4.4,44
2026-03-14T16:46:10.532Z,accident,rl,4,20468929,8,240,54.3,4.8,204.56,25.2,45
2026-03-14T16:46:10.546Z,accident,traditional,5,20469026,8,240,86.7,2,158.36,0,47
2026-03-14T16:46:10.559Z,accident,ai,5,20469026,8,240,36.6,4.8,163.73,6.6,41
2026-03-14T16:46:10.574Z,accident,rl,5,20469026,8,240,58.7,2.8,153.26,0,46
2026-03-14T16:46:10.589Z,accident,traditional,6,20469123,8,240,98.8,1.5,149.94,83.2,47
2026-03-14T16:46:10.603Z,accident,ai,6,20469123,8,240,47.9,6,233.03,3.6,41
2026-03-14T16:46:10.618Z,accident,rl,6,20469123,8,240,51.6,4.8,218.41,49.9,43
2026-03-14T16:46:10.637Z,emergency,traditional,1,20568638,8,240,88.6,4,250.93,0,41
2026-03-14T16:46:10.652Z,emergency,ai,1,20568638,8,240,23,8.8,193.42,4.1,37
2026-03-14T16:46:10.668Z,emergency,rl,1,20568638,8,240,31.6,5.5,168.85,33.7,42
2026-03-14T16:46:10.688Z,emergency,traditional,2,20568735,8,240,113,2.8,272.09,126.1,44
2026-03-14T16:46:10.702Z,emergency,ai,2,20568735,8,240,28.4,7.5,197.09,4,40
2026-03-14T16:46:10.718Z,emergency,rl,2,20568735,8,240,50.7,4.3,205.19,90.6,43
2026-03-14T16:46:10.733Z,emergency,traditional,3,20568832,8,240,111.8,2.5,267.3,121.2,46
2026-03-14T16:46:10.746Z,emergency,ai,3,20568832,8,240,24.8,8.3,177.58,4,36
2026-03-14T16:46:10.762Z,emergency,rl,3,20568832,8,240,41.1,6.3,231.87,50.9,38
2026-03-14T16:46:10.778Z,emergency,traditional,4,20568929,8,240,95.5,2.5,198.13,121.2,47
2026-03-14T16:46:10.793Z,emergency,ai,4,20568929,8,240,33.5,10.3,249.41,3.9,36
2026-03-14T16:46:10.808Z,emergency,rl,4,20568929,8,240,63.8,3.5,239.16,53.1,43
2026-03-14T16:46:10.823Z,emergency,traditional,5,20569026,8,240,107.3,1.3,151.93,117,47
2026-03-14T16:46:10.835Z,emergency,ai,5,20569026,8,240,22.5,7.8,190.38,4.2,37
2026-03-14T16:46:10.849Z,emergency,rl,5,20569026,8,240,58.4,4.8,229.6,57,43
2026-03-14T16:46:10.863Z,emergency,traditional,6,20569123,8,240,77.1,2,152.98,62.6,47
2026-03-14T16:46:10.873Z,emergency,ai,6,20569123,8,240,15.9,7.5,166.97,4,42
2026-03-14T16:46:10.887Z,emergency,rl,6,20569123,8,240,50.3,5.5,238.49,59.6,42