scenario,metric,analysis_type,n_pairs,n_ai,n_traditional,ai_mean,traditional_mean,difference_ai_minus_traditional,difference_ci95_lo,difference_ci95_hi,improvement_percent,pvalue_permutation,pvalue_holm
accident,avg_wait_time,paired,30,30,30,27.14666666666667,60.093333333333334,-32.946666666666665,-38.304249999999996,-27.706499999999995,54.82582649212336,0.00024993751562109475,0.0024993751562109477
accident,flow_rate,paired,30,30,30,3.9466666666666668,1.673333333333333,2.2733333333333343,1.98,2.5733333333333333,135.85657370517933,0.00024993751562109475,0.0024993751562109477
accident,co2_emissions,paired,30,30,30,207.4543333333333,197.29500000000004,10.159333333333308,-4.750175000000001,24.921866666666673,-5.149311099284446,0.20544863784053988,0.41089727568107975
accident,emergency_response_time,paired,30,30,30,4.166666666666666,27.65,-23.48333333333333,-39.950500000000005,-9.649583333333332,84.93068113321279,0.002749312671832042,0.010997250687328168
accident,total_collisions,paired,30,30,30,71.03333333333333,75.86666666666666,-4.833333333333329,-5.766666666666667,-3.9,6.37082601054481,0.00024993751562109475,0.0024993751562109477
accident,collision_avoided,paired,30,30,30,0.43333333333333335,0.16666666666666666,0.2666666666666667,0.0,0.5333333333333333,160.00000000000003,0.11197200699825044,0.3359160209947513
accident,light_avg_wait_time,paired,30,30,30,34.74333333333334,60.38,-25.636666666666663,-30.703416666666666,-20.32608333333333,42.45887159103455,0.00024993751562109475,0.0024993751562109477
accident,heavy_avg_wait_time,paired,30,30,30,32.089999999999996,40.52,-8.429999999999993,-22.36008333333333,5.487583333333336,20.80454096742351,0.24293926518370407,0.41089727568107975
accident,light_completed,paired,30,30,30,12.6,6.6,6.0,4.966666666666667,7.066666666666666,90.90909090909092,0.00024993751562109475,0.0024993751562109477
accident,heavy_completed,paired,30,30,30,3.1666666666666665,1.2666666666666666,1.9,1.2333333333333334,2.566666666666667,150.0,0.00024993751562109475,0.0024993751562109477
emergency,avg_wait_time,paired,30,30,30,27.476666666666674,62.63,-35.15333333333332,-38.86441666666666,-31.596,56.12858587471392,0.00024993751562109475,0.0024993751562109477
emergency,flow_rate,paired,30,30,30,5.546666666666667,2.266666666666667,3.28,2.86,3.6868333333333343,144.70588235294116,0.00024993751562109475,0.0024993751562109477
emergency,co2_emissions,paired,30,30,30,248.32033333333328,229.787,18.533333333333303,-1.7864916666666733,39.64456666666667,-8.065440313565727,0.08847788052986753,0.17695576105973507
emergency,emergency_response_time,paired,30,30,30,2.9099999999999997,39.83333333333334,-36.923333333333346,-54.480000000000004,-20.44133333333333,92.69456066945607,0.0004998750312421895,0.0024993751562109477
emergency,total_collisions,paired,30,30,30,66.46666666666667,73.5,-7.033333333333331,-8.433333333333334,-5.633333333333334,9.569160997732423,0.00024993751562109475,0.0024993751562109477
emergency,collision_avoided,paired,30,30,30,0.2,0.13333333333333333,0.06666666666666668,-0.13416666666666638,0.26666666666666666,50.000000000000014,0.7480629842539365,0.7480629842539365
emergency,light_avg_wait_time,paired,30,30,30,33.559999999999995,61.53000000000001,-27.970000000000013,-32.443666666666665,-23.43291666666666,45.45750040630588,0.00024993751562109475,0.0024993751562109477
emergency,heavy_avg_wait_time,paired,30,30,30,36.67333333333333,55.686666666666675,-19.01333333333333,-32.717749999999995,-6.163166666666664,34.14342152520054,0.011747063234191453,0.03524118970257436
emergency,light_completed,paired,30,30,30,17.766666666666666,9.266666666666667,8.499999999999998,6.866666666666666,10.166666666666666,91.72661870503595,0.00024993751562109475,0.0024993751562109477
emergency,heavy_completed,paired,30,30,30,4.4,1.4333333333333333,2.966666666666667,2.2333333333333334,3.7,206.97674418604652,0.00024993751562109475,0.0024993751562109477
normal,avg_wait_time,paired,30,30,30,29.94,66.64666666666666,-36.70666666666668,-40.367,-33.08291666666667,55.07652295688706,0.00024993751562109475,0.0024993751562109477
normal,flow_rate,paired,30,30,30,5.3,2.4866666666666664,2.813333333333333,2.5731666666666664,3.053333333333333,113.13672922252012,0.00024993751562109475,0.0024993751562109477
normal,co2_emissions,paired,30,30,30,225.26733333333337,221.743,3.5243333333333453,-15.989324999999994,22.45564166666667,-1.5893774925627295,0.7225693576605848,1.0
normal,emergency_response_time,paired,30,30,30,2.95,27.583333333333336,-24.63333333333333,-38.055833333333325,-12.337583333333322,89.30513595166163,0.0007498125468632841,0.0029992501874531365
normal,total_collisions,paired,30,30,30,49.56666666666667,56.1,-6.533333333333331,-7.4,-5.666666666666667,11.645870469399878,0.00024993751562109475,0.0024993751562109477
normal,collision_avoided,paired,30,30,30,0.06666666666666667,0.1,-0.03333333333333334,-0.16666666666666666,0.1,-33.333333333333336,1.0,1.0
normal,light_avg_wait_time,paired,30,30,30,35.38333333333333,67.36666666666667,-31.983333333333327,-35.64016666666666,-27.966249999999995,47.476496783770415,0.00024993751562109475,0.0024993751562109477
normal,heavy_avg_wait_time,paired,30,30,30,36.013333333333335,55.16333333333332,-19.150000000000006,-32.523833333333336,-5.8179166666666475,34.715088524986385,0.010747313171707074,0.03224193951512122
normal,light_completed,paired,30,30,30,17.566666666666666,9.966666666666667,7.6,6.6,8.7,76.25418060200668,0.00024993751562109475,0.0024993751562109477
normal,heavy_completed,paired,30,30,30,4.8,1.7333333333333334,3.0666666666666664,2.1,4.0,176.9230769230769,0.00024993751562109475,0.0024993751562109477
portugal,avg_wait_time,paired,30,30,30,13.733333333333336,18.766666666666666,-5.033333333333335,-6.8735,-3.2632499999999998,26.820603907637636,0.00024993751562109475,0.0024993751562109477
portugal,flow_rate,paired,30,30,30,10.346666666666664,6.58,3.7666666666666684,3.3800000000000003,4.153500000000001,57.24417426545082,0.00024993751562109475,0.0024993751562109477
portugal,co2_emissions,paired,30,30,30,301.508,288.51800000000003,12.989999999999952,-1.9614250000000049,27.580816666666657,-4.502318746144071,0.10022494376405898,0.3006748312921769
portugal,emergency_response_time,paired,30,30,30,2.9033333333333333,25.669999999999998,-22.766666666666666,-36.52408333333332,-11.182249999999993,88.68978054798079,0.0014996250937265683,0.007498125468632841
portugal,total_collisions,paired,30,30,30,108.66666666666667,117.53333333333333,-8.86666666666666,-10.266666666666667,-7.533333333333333,7.543959160521832,0.00024993751562109475,0.0024993751562109477
portugal,collision_avoided,paired,30,30,30,0.3333333333333333,0.36666666666666664,-0.033333333333333326,-0.23333333333333334,0.16750000000000304,-9.09090909090909,1.0,1.0
portugal,light_avg_wait_time,paired,30,30,30,15.556666666666667,16.740000000000002,-1.1833333333333336,-2.890083333333333,0.4334166666666669,7.068896853843102,0.1804548862784304,0.3609097725568608
portugal,heavy_avg_wait_time,paired,30,30,30,19.88,28.59666666666667,-8.716666666666669,-16.204749999999997,-1.0463333333333318,30.48140808952094,0.03349162709322669,0.13396650837290677
portugal,light_completed,paired,30,30,30,36.833333333333336,28.033333333333335,8.8,7.566666666666666,10.033333333333333,31.391200951248514,0.00024993751562109475,0.0024993751562109477
portugal,heavy_completed,paired,30,30,30,7.466666666666667,4.233333333333333,3.2333333333333334,2.2666666666666666,4.2,76.37795275590551,0.00024993751562109475,0.0024993751562109477
portugal_interior,avg_wait_time,paired,30,30,30,9.82,11.996666666666666,-2.176666666666666,-3.516833333333333,-0.8200000000000001,18.143928869130306,0.005248687828042989,0.020994751312171957
portugal_interior,flow_rate,paired,30,30,30,13.026666666666667,8.806666666666668,4.219999999999999,3.7600000000000002,4.6335000000000015,47.91824375473124,0.00024993751562109475,0.0024993751562109477
portugal_interior,co2_emissions,paired,30,30,30,286.738,262.99466666666666,23.74333333333334,8.109858333333328,38.1126,-9.02806647536579,0.0032491877030742314,0.016245938515371157
portugal_interior,emergency_response_time,paired,30,30,30,2.81,32.59,-29.780000000000005,-40.26766666666666,-20.16883333333333,91.37772322798405,0.00024993751562109475,0.0024993751562109477
portugal_interior,total_collisions,paired,30,30,30,94.03333333333333,103.86666666666666,-9.833333333333329,-11.2,-8.5,9.467265725288827,0.00024993751562109475,0.0024993751562109477
portugal_interior,collision_avoided,paired,30,30,30,0.3,0.23333333333333334,0.06666666666666665,-0.2,0.3333333333333333,28.571428571428566,0.8212946763309172,1.0
portugal_interior,light_avg_wait_time,paired,30,30,30,10.540000000000001,10.316666666666668,0.2233333333333345,-1.2100833333333336,1.6603333333333345,-2.1647819063004783,0.7718070482379406,1.0
portugal_interior,heavy_avg_wait_time,paired,30,30,30,13.686666666666666,13.843333333333334,-0.1566666666666663,-3.3107499999999996,2.7334166666666677,1.1317120154105567,0.9170207448137966,1.0
portugal_interior,light_completed,paired,30,30,30,43.3,34.266666666666666,9.033333333333331,7.3,10.7,26.36186770428015,0.00024993751562109475,0.0024993751562109477
portugal_interior,heavy_completed,paired,30,30,30,13.5,8.6,4.9,3.8333333333333335,5.966666666666667,56.97674418604651,0.00024993751562109475,0.0024993751562109477
portugal_litoral,avg_wait_time,paired,30,30,30,12.046666666666669,16.34,-4.293333333333331,-5.270166666666666,-3.3500000000000005,26.27498980008159,0.00024993751562109475,0.0024993751562109477
portugal_litoral,flow_rate,paired,30,30,30,11.22,7.353333333333335,3.866666666666667,3.4333333333333345,4.326666666666667,52.583862194016284,0.00024993751562109475,0.0024993751562109477
portugal_litoral,co2_emissions,paired,30,30,30,310.3986666666667,299.725,10.67366666666669,1.6650833333333366,19.692091666666673,-3.561153279395009,0.030242439390152462,0.12096975756060985
portugal_litoral,emergency_response_time,paired,30,30,30,2.829999999999999,28.923333333333336,-26.093333333333334,-35.867583333333336,-16.35699999999999,90.21551227382737,0.00024993751562109475,0.0024993751562109477
portugal_litoral,total_collisions,paired,30,30,30,118.8,128.0,-9.200000000000003,-10.466666666666667,-7.9,7.187500000000002,0.00024993751562109475,0.0024993751562109477
portugal_litoral,collision_avoided,paired,30,30,30,0.3,0.3333333333333333,-0.033333333333333326,-0.36666666666666664,0.26666666666666666,-9.999999999999998,1.0,1.0
portugal_litoral,light_avg_wait_time,paired,30,30,30,15.01666666666667,16.69,-1.673333333333332,-3.1333333333333333,-0.13991666666666588,10.025963650888748,0.04423894026493377,0.1327168207948013
portugal_litoral,heavy_avg_wait_time,paired,30,30,30,11.846666666666666,11.126666666666667,0.7200000000000006,-2.6903333333333332,4.103416666666667,-6.470940683043729,0.6838290427393152,1.0
portugal_litoral,light_completed,paired,30,30,30,37.333333333333336,27.833333333333332,9.500000000000004,7.733333333333333,11.4,34.13173652694612,0.00024993751562109475,0.0024993751562109477
portugal_litoral,heavy_completed,paired,30,30,30,9.866666666666667,7.866666666666666,2.000000000000001,0.9666666666666667,3.1008333333333367,25.423728813559332,0.000999750062484379,0.004998750312421895
portugal_sul,avg_wait_time,paired,30,30,30,10.043333333333335,12.609999999999998,-2.566666666666668,-4.217,-0.8564166666666662,20.354216230504864,0.007998000499875032,0.04798800299925019
portugal_sul,flow_rate,paired,30,30,30,12.9,9.926666666666668,2.9733333333333345,2.4933333333333336,3.466666666666667,29.952988582941565,0.00024993751562109475,0.0024993751562109477
portugal_sul,co2_emissions,paired,30,30,30,274.41866666666664,269.24533333333335,5.173333333333289,-10.326483333333341,21.249058333333327,-1.9214198698584521,0.5476130967258186,0.9897525618595351
portugal_sul,emergency_response_time,paired,30,30,30,2.9433333333333342,40.54333333333333,-37.599999999999994,-50.11733333333334,-25.48991666666667,92.74027789196744,0.00024993751562109475,0.0024993751562109477
portugal_sul,total_collisions,paired,30,30,30,95.2,102.3,-7.099999999999994,-8.334166666666667,-5.833333333333333,6.940371456500484,0.00024993751562109475,0.0024993751562109477
portugal_sul,collision_avoided,paired,30,30,30,0.3333333333333333,0.2,0.1333333333333333,-0.06666666666666667,0.3333333333333333,66.66666666666666,0.3649087728067983,0.9897525618595351
portugal_sul,light_avg_wait_time,paired,30,30,30,13.456666666666667,14.66,-1.2033333333333296,-3.5600833333333335,1.0900833333333333,8.208276489313322,0.32991752061984503,0.9897525618595351
portugal_sul,heavy_avg_wait_time,paired,30,30,30,6.7299999999999995,5.236666666666668,1.4933333333333332,-0.13016666666666665,3.1099999999999994,-28.516868236791808,0.09047738065483629,0.36190952261934517
portugal_sul,light_completed,paired,30,30,30,39.03333333333333,32.43333333333333,6.600000000000001,4.833333333333333,8.433333333333334,20.349434737923954,0.00024993751562109475,0.0024993751562109477
portugal_sul,heavy_completed,paired,30,30,30,17.833333333333332,15.966666666666667,1.8666666666666654,0.3333333333333333,3.466666666666667,11.691022964509386,0.02749312671832042,0.1374656335916021
rush_hour,avg_wait_time,paired,30,30,30,17.940000000000005,48.82666666666666,-30.88666666666667,-34.376916666666666,-27.32974999999999,63.25778263244127,0.00024993751562109475,0.0024993751562109477
rush_hour,flow_rate,paired,30,30,30,6.64,1.9933333333333338,4.6466666666666665,4.1866666666666665,5.08,233.11036789297646,0.00024993751562109475,0.0024993751562109477
rush_hour,co2_emissions,paired,30,30,30,455.58166666666665,441.9006666666666,13.681000000000097,0.38043333333333224,25.712208333333344,-3.0959446391421395,0.04998750312421894,0.14996250937265682
rush_hour,emergency_response_time,paired,30,30,30,2.766666666666667,25.569999999999997,-22.80333333333333,-34.280499999999996,-12.293166666666664,89.18002867944206,0.000999750062484379,0.003999000249937516
rush_hour,total_collisions,paired,30,30,30,231.83333333333334,243.03333333333333,-11.199999999999989,-12.9,-9.5,4.6084213413797785,0.00024993751562109475,0.0024993751562109477
rush_hour,collision_avoided,paired,30,30,30,1.0,1.0666666666666667,-0.06666666666666665,-0.5666666666666667,0.36666666666666664,-6.249999999999998,0.8975256185953512,0.8975256185953512
rush_hour,light_avg_wait_time,paired,30,30,30,26.279999999999998,50.09666666666668,-23.81666666666668,-27.54675,-20.12291666666666,47.541419921485144,0.00024993751562109475,0.0024993751562109477
rush_hour,heavy_avg_wait_time,paired,30,30,30,24.066666666666666,33.56666666666667,-9.5,-20.05741666666667,0.9477500000000032,28.30188679245284,0.10122469382654337,0.20244938765308673
rush_hour,light_completed,paired,30,30,30,19.6,8.033333333333333,11.566666666666668,9.9,13.134166666666669,143.98340248962657,0.00024993751562109475,0.0024993751562109477
rush_hour,heavy_completed,paired,30,30,30,2.8333333333333335,1.0666666666666667,1.7666666666666668,1.0666666666666667,2.5,165.62500000000003,0.00024993751562109475,0.0024993751562109477
vila_real,avg_wait_time,paired,30,30,30,17.30666666666667,31.240000000000002,-13.933333333333337,-16.79675,-11.119666666666665,44.60093896713615,0.00024993751562109475,0.0024993751562109477
vila_real,flow_rate,paired,30,30,30,6.273333333333334,3.9733333333333336,2.2999999999999994,1.986666666666667,2.6333333333333333,57.88590604026847,0.00024993751562109475,0.0024993751562109477
vila_real,co2_emissions,paired,30,30,30,229.49733333333333,243.57299999999998,-14.075666666666734,-27.19325,-3.4468000000000014,5.778828797389961,0.025743564108972758,0.10297425643589103
vila_real,emergency_response_time,paired,30,30,30,2.526666666666667,7.129999999999999,-4.6033333333333335,-11.470083333333333,0.5300833333333337,64.56287985039737,0.18620344913771558,0.5586103474131467
vila_real,total_collisions,paired,30,30,30,94.73333333333333,100.0,-5.266666666666666,-6.133333333333334,-4.433333333333334,5.266666666666666,0.00024993751562109475,0.0024993751562109477
vila_real,collision_avoided,paired,30,30,30,0.43333333333333335,0.26666666666666666,0.16666666666666669,-0.1,0.43333333333333335,62.500000000000014,0.33566608347913024,0.6713321669582605
vila_real,light_avg_wait_time,paired,30,30,30,24.759999999999998,39.41,-14.650000000000006,-18.493583333333333,-11.09308333333333,37.17330626744481,0.00024993751562109475,0.0024993751562109477
vila_real,heavy_avg_wait_time,paired,30,30,30,8.213333333333333,6.916666666666667,1.296666666666666,-1.5770833333333336,3.9834166666666673,-18.746987951807217,0.3989002749312672,0.6713321669582605
vila_real,light_completed,paired,30,30,30,20.7,14.566666666666666,6.133333333333333,4.8,7.4,42.10526315789473,0.00024993751562109475,0.0024993751562109477
vila_real,heavy_completed,paired,30,30,30,3.1666666666666665,4.9,-1.7333333333333338,-2.6,-0.9666666666666667,-35.37414965986395,0.0004998750312421895,0.0024993751562109477
