scenario,mode,n,avg_wait_time_mean,avg_wait_time_std,avg_wait_time_ci95_lo,avg_wait_time_ci95_hi,flow_rate_mean,flow_rate_std,flow_rate_ci95_lo,flow_rate_ci95_hi,co2_emissions_mean,co2_emissions_std,co2_emissions_ci95_lo,co2_emissions_ci95_hi,emergency_response_time_mean,emergency_response_time_std,emergency_response_time_ci95_lo,emergency_response_time_ci95_hi,total_collisions_mean,total_collisions_std,total_collisions_ci95_lo,total_collisions_ci95_hi,collision_avoided_mean,collision_avoided_std,collision_avoided_ci95_lo,collision_avoided_ci95_hi,light_avg_wait_time_mean,light_avg_wait_time_std,light_avg_wait_time_ci95_lo,light_avg_wait_time_ci95_hi,heavy_avg_wait_time_mean,heavy_avg_wait_time_std,heavy_avg_wait_time_ci95_lo,heavy_avg_wait_time_ci95_hi,light_completed_mean,light_completed_std,light_completed_ci95_lo,light_completed_ci95_hi,heavy_completed_mean,heavy_completed_std,heavy_completed_ci95_lo,heavy_completed_ci95_hi
accident,ai,30,27.14666666666667,5.028795244310053,25.3471353996429,28.946197933690435,3.9466666666666668,0.8787661151054195,3.632204250977246,4.261129082356088,207.4543333333333,26.95020986206221,197.81032459097952,217.09834207568707,4.166666666666666,3.974169471538141,2.7445283856189135,5.588804947714419,71.03333333333333,2.399473122243259,70.17469290394908,71.89197376271758,0.43333333333333335,0.5683207771559354,0.22996235509584728,0.6367043115708194,34.74333333333334,5.432703228395243,32.79926545047017,36.687401216196506,32.089999999999996,12.421875864779846,27.64488880978964,36.53511119021035,12.6,3.635078142688033,11.299203992597777,13.900796007402223,3.1666666666666665,1.5104996509110151,2.626141308487007,3.707192024846326
accident,traditional,30,60.093333333333334,15.724611356051078,54.4663534261621,65.72031324050457,1.673333333333333,0.5836468779672513,1.464477980355649,1.8821886863110169,197.29500000000004,39.45156355889307,183.17743929049774,211.41256070950234,27.65,43.438873024690366,12.105598922892622,43.19440107710737,75.86666666666666,1.7564331673207403,75.238135129892,76.49519820344132,0.16666666666666666,0.461133037377414,0.001652328499444744,0.33168100483388857,60.38,15.440841499312677,54.854565831923516,65.9054341680765,40.52,38.79547965136287,26.63721590160106,54.402784098398946,6.6,2.2682212383731217,5.788327454056082,7.411672545943917,1.2666666666666666,1.1121068335350708,0.8687043472659033,1.66462898606743
emergency,ai,30,27.476666666666674,4.648224231440124,25.81332098758412,29.140012345749227,5.546666666666667,1.1140894947439592,5.147994861064144,5.9453384722691895,248.32033333333328,41.62606630990708,233.42463680788055,263.216029858786,2.9099999999999997,0.36041164204855797,2.7810283502595174,3.038971649740482,66.46666666666667,3.910492810757808,65.06731478603629,67.86601854729705,0.2,0.4068381021724863,0.05441485486919134,0.3455851451308087,33.559999999999995,4.2583467732653375,32.036170177540775,35.083829822459215,36.67333333333333,12.52701723953233,32.19059778537267,41.156068881294,17.766666666666666,3.9972691827721873,16.336262260114616,19.197071073218716,4.4,2.0103182112155347,3.6806168670631605,5.11938313293684
emergency,traditional,30,62.63,10.226340229170875,58.97055114683024,66.28944885316977,2.266666666666667,0.571346463723366,2.0622129603963653,2.471120372936969,229.787,46.4728816103802,213.1568928940888,246.4171071059112,39.83333333333334,47.41798969933708,22.865023641281986,56.8016430253847,73.5,1.717054414417017,72.88555996897652,74.11444003102348,0.13333333333333333,0.34574590364176044,0.009609750681461485,0.2570569159852052,61.53000000000001,12.529995734374701,57.04619861134846,66.01380138865156,55.686666666666675,38.08104545556103,42.059539561864966,69.31379377146838,9.266666666666667,2.625253135030698,8.32723189733792,10.206101435995414,1.4333333333333333,1.0400044208570938,1.0611725309437627,1.805494135722904
normal,ai,30,29.94,4.443949780901266,28.349752994245755,31.530247005754248,5.3,0.9123671372333882,4.97351361296443,5.62648638703557,225.26733333333337,30.30903585917315,214.42138414428265,236.11328252238408,2.95,0.2968222503045586,2.843783521853316,3.0562164781466845,49.56666666666667,2.4450277952490094,48.6917247069058,50.44160862642754,0.06666666666666667,0.2537081317024624,-0.024121622280541086,0.1574549556138744,35.38333333333333,4.921317691034786,33.62226241480772,37.144404251858944,36.013333333333335,10.722349630990186,32.17638979526433,39.85027687140234,17.566666666666666,3.9972691827721873,16.136262260114616,18.997071073218716,4.8,1.919051489848476,4.113276243864114,5.486723756135886
normal,traditional,30,66.64666666666666,10.204587654354404,62.995001872425284,70.29833146090803,2.4866666666666664,0.657441925235584,2.2514040951685788,2.721929238164754,221.743,48.06317646669813,204.54381318837414,238.94218681162585,27.583333333333336,37.53266240391743,14.152442583323591,41.01422408334308,56.1,2.0060254063781158,55.38215302754552,56.81784697245448,0.1,0.30512857662936466,-0.009188858848106482,0.2091888588481065,67.36666666666667,10.256212022841146,63.69652832941569,71.03680500391765,55.16333333333332,37.24558278214491,41.83517270662488,68.49149396004175,9.966666666666667,2.8464537323790653,8.948076280162393,10.98525705317094,1.7333333333333334,1.257620449659713,1.2832996351485022,2.1833670315181646
portugal,ai,30,13.733333333333336,2.93226208234193,12.684036823149714,14.782629843516958,10.346666666666664,1.3400291642048465,9.867143388712803,10.826189944620525,301.508,28.752972787834146,291.2188808297304,311.7971191702696,2.9033333333333333,0.2498045212772874,2.813941933436705,2.9927247332299616,108.66666666666667,3.95084742837519,107.2528740715822,110.08045926175114,0.3333333333333333,0.5466722735905339,0.1377091726053282,0.5289574940613384,15.556666666666667,3.4722231111109974,14.31414758387111,16.79918574946222,19.88,10.949142621133904,15.961899632694962,23.798100367305036,36.833333333333336,4.734927690037627,35.13896122006024,38.52770544660643,7.466666666666667,3.0482706610451284,6.3758570197420745,8.557476313591259
portugal,traditional,30,18.766666666666666,5.393887558014696,16.836488793061545,20.696844540271787,6.58,0.9760582232492148,6.230722050542822,6.929277949457179,288.51800000000003,34.776150309440915,276.07351443472163,300.9624855652784,25.669999999999998,36.536228123839514,12.595678677740048,38.74432132225995,117.53333333333333,2.648790658776753,116.58547576930495,118.48119089736171,0.36666666666666664,0.6149478998583782,0.14661038685733035,0.5867229464760029,16.740000000000002,5.376487765228818,14.816048562277977,18.663951437722027,28.59666666666667,18.562615067950947,21.95412017398535,35.239213159348,28.033333333333335,5.109040893413823,26.20508652956779,29.86158013709888,4.233333333333333,2.0791797675398644,3.489308408937245,4.9773582577294215
portugal_interior,ai,30,9.82,1.396152348173488,9.320393298591828,10.319606701408173,13.026666666666667,1.3043516908155304,12.559910408599949,13.493422924733386,286.738,24.566963996391582,277.9468248378426,295.5291751621574,2.81,0.21066397495734193,2.7346148647232784,2.8853851352767217,94.03333333333333,3.624469838361937,92.73633345888095,95.33033320778571,0.3,0.5959634332684376,0.08673722431175929,0.5132627756882406,10.540000000000001,2.030389804599277,9.813434339615082,11.26656566038492,13.686666666666666,5.08308441071332,11.867708270945647,15.505625062387685,43.3,5.395719887415234,41.36916643573984,45.23083356426015,13.5,2.8617573573616952,12.47593328162753,14.52406671837247
portugal_interior,traditional,30,11.996666666666666,3.5969798953866965,10.7095039419707,13.283829391362632,8.806666666666668,1.2266954019622809,8.367699354676164,9.245633978657173,262.99466666666666,34.16777809910801,250.7678843009212,275.2214490324121,32.59,28.640847969531087,22.341004180661038,42.83899581933897,103.86666666666666,3.7207093625973444,102.5352279207607,105.19810541257262,0.23333333333333334,0.5683207771559354,0.02996235509584727,0.4367043115708194,10.316666666666668,3.815945070570225,8.951148260343391,11.682185072989945,13.843333333333334,8.838305475494774,10.68058633768739,17.006080328979277,34.266666666666666,6.313277379013836,32.00748937091499,36.52584396241834,8.6,2.835732587947042,7.585246125758883,9.614753874241117
portugal_litoral,ai,30,12.046666666666669,1.8619110192697612,11.380390365323299,12.712942968010038,11.22,1.1547204468376002,10.806788594921008,11.633211405078994,310.3986666666667,23.526451984702362,301.97983394594536,318.81749938738807,2.829999999999999,0.278109380615266,2.7304798362717086,2.9295201637282897,118.8,3.5076271574758437,117.5448117419214,120.0551882580786,0.3,0.534983080621924,0.10855876325504796,0.491441236744952,15.01666666666667,2.122308978989358,14.257208152165026,15.776125181168313,11.846666666666666,5.88614582249524,9.740336435419643,13.952996897913689,37.333333333333336,5.134960184067061,35.49581143052646,39.17085523614021,9.866666666666667,2.8129421746919925,8.860068237069525,10.87326509626381
portugal_litoral,traditional,30,16.34,3.7850522703993366,14.985536440241878,17.694463559758123,7.353333333333335,1.0604921867514723,6.973841078075384,7.732825588591287,299.725,29.396753251407514,289.20550694950333,310.2444930504967,28.923333333333336,27.601882536164627,19.04612651948536,38.80054014718131,128.0,2.6781362536479447,127.04164124971237,128.95835875028763,0.3333333333333333,0.6608945522512666,0.09683525512514035,0.5698314115415263,16.69,4.989253969524281,14.904618396435982,18.47538160356402,11.126666666666667,9.091296836036074,7.873387875339429,14.379945457993905,27.833333333333332,4.177801214575168,26.33832636888307,29.328340297783594,7.866666666666666,2.837353469810146,6.851332767300027,8.882000566033305
portugal_sul,ai,30,10.043333333333335,2.0622524233156483,9.305365781273816,10.781300885392854,12.9,1.33364938782844,12.422759695702494,13.377240304297507,274.41866666666664,18.217833387462225,267.8994987138132,280.93783461952006,2.9433333333333342,0.3520220734980763,2.817363852142171,3.0693028145244976,95.2,3.5661241396382075,93.92387886569288,96.47612113430712,0.3333333333333333,0.5466722735905339,0.1377091726053282,0.5289574940613384,13.456666666666667,3.559996448403239,12.182738298506564,14.73059503482677,6.7299999999999995,3.4882215605050684,5.481755945613861,7.978244054386138,39.03333333333333,6.08266804738781,36.85667852707813,41.20998813958853,17.833333333333332,4.052103185986884,16.383306830735002,19.283359835931662
portugal_sul,traditional,30,12.609999999999998,4.3023930790778,11.070408409432185,14.14959159056781,9.926666666666668,1.620968917001513,9.346610389307122,10.506722944026214,269.24533333333335,40.13397956099418,254.88357319370158,283.6070934729651,40.54333333333333,35.170027240420985,27.95790071846883,53.128765948197824,102.3,4.12853818999012,100.8226215824963,103.7773784175037,0.2,0.4068381021724863,0.05441485486919134,0.3455851451308087,14.66,5.851236238372313,12.566162002995181,16.75383799700482,5.236666666666668,4.989470522205139,3.451207570721029,7.0221257626123075,32.43333333333333,5.4246139753543,30.492160152494574,34.37450651417209,15.966666666666667,4.8243872816843965,14.240281849657878,17.693051483675454
rush_hour,ai,30,17.940000000000005,2.965851625093367,16.87868362631237,19.00131637368764,6.64,1.012201424686772,6.2777883720139895,7.00221162798601,455.58166666666665,19.915885547131385,448.4548585523214,462.7084747810119,2.766666666666667,0.22488822255440177,2.686191449758612,2.847141883574722,231.83333333333334,3.4148088585204714,230.61135967696498,233.0553069897017,1.0,0.909717652294684,0.6744617189733393,1.3255382810266607,26.279999999999998,2.9527777687669174,25.223362045714435,27.33663795428556,24.066666666666666,10.971163875433144,20.14068609471512,27.99264723861821,19.6,3.6822032385047914,18.282340493635537,20.917659506364465,2.8333333333333335,1.4641305136221772,2.309400957830906,3.357265708835761
rush_hour,traditional,30,48.82666666666666,9.196248610479554,45.535831365188336,52.117501968144985,1.9933333333333338,0.5976582654819145,1.779464069726548,2.2072025969401197,441.9006666666666,26.47603469806861,432.42633932755115,451.37499400578207,25.569999999999997,31.340236889274816,14.355040261483245,36.78495973851675,243.03333333333333,2.52550211236107,242.12959400903483,243.93707265763183,1.0666666666666667,1.2298957997167563,0.6265541070479941,1.5067792262853392,50.09666666666668,10.130714082239809,46.47143719070106,53.721896142632296,33.56666666666667,32.29155257673579,22.011282981413725,45.12205035191961,8.033333333333333,2.65853645676602,7.08198828028387,8.984678386382797,1.0666666666666667,1.1426929274467317,0.6577592541260631,1.4755740792072702
vila_real,ai,30,17.30666666666667,3.99947697730016,15.875472210989283,18.737861122344054,6.273333333333334,0.8427922938510488,5.9717439842526225,6.574922682414046,229.49733333333333,17.603043806807044,223.19816500648997,235.7965016601767,2.526666666666667,0.14367908045682765,2.4752517680402346,2.578081565293099,94.73333333333333,2.5855478087369357,93.80810693254253,95.65855973412414,0.43333333333333335,0.6260623155792925,0.20929981093749164,0.6573668557291751,24.759999999999998,5.016359443756548,22.964918827052305,26.55508117294769,8.213333333333333,6.721593270345509,5.808042072391805,10.618624594274861,20.7,3.1856358646381677,19.560034846267598,21.8399651537324,3.1666666666666665,1.4641305136221772,2.642734291164239,3.690599042169094
vila_real,traditional,30,31.240000000000002,8.325059800965708,28.260915610228658,34.219084389771346,3.9733333333333336,0.6942787541800102,3.7248888718908293,4.2217777947758375,243.57299999999998,29.872730518328748,232.88318067201436,254.2628193279856,7.129999999999999,17.26283929976918,0.9525722925007587,13.30742770749924,100.0,1.7616606585441104,99.36959782951537,100.63040217048463,0.26666666666666666,0.5832922809856749,0.057938204589196074,0.47539512874413725,39.41,10.194973406469519,35.76177562017942,43.05822437982057,6.916666666666667,5.757518822245025,4.856365016319938,8.976968317013396,14.566666666666666,2.872981550324636,13.538583422426141,15.594749910907192,4.9,2.17112715045625,4.123072127195691,5.67692787280431
